Date,Time,"Coordinate	 (Lon, Lat)",Course,Velocity,OSM ID
9/4/2018,17:46:56,"35.64800400,34.12897800",157.590729,71.8664076,way/27001909
3/31/2015,18:54:47,"35.58921000,33.93335100",188.42541,67.212,way/212368273
9/11/2018,13:47:19,"35.63296540,33.97954330",222.7666614,30.7507356,way/26389484
5/10/2016,15:42:10,"35.61046000,33.97226790",46.16291743,1.31263704,way/212368259
7/1/2018,17:51:58,"35.58173500,33.82848700",244.881833,16.8147288,way/226910615
1/4/2019,14:32:12,"35.49314200,33.82596330",98.51805812,0.026958328,way/360422889
12/7/2018,15:38:27,"35.65794800,33.90054700",131.290375,29.0612016,way/302989295
5/8/2016,23:44:53,"35.53056800,33.89874100",286.864107,70.4615724,way/26491495
4/1/2015,19:18:52,"35.53071300,33.89047400",70.025134,34.056,way/200760971
10/25/2017,16:57:17,"35.59114200,33.94179100",185.683444,86.8714848,way/212368273
5/14/2016,17:45:56,"35.61925900,33.67619600",100.047427,41.282046,way/26398613
12/18/2017,7:19:40,"35.64300230,33.95383330",273.3474769,11.05557192,way/304047443
9/11/2015,18:24:33,"35.58089950,33.91188760",29.18414967,50.3347716,way/47276450
12/7/2016,12:54:16,"35.51120100,33.69018200",289.319313,44.4921048,way/51774709
5/28/2018,10:00:14,"35.54540830,33.83629330",312.7462807,37.0627776,way/28546435
6/12/2016,11:08:12,"35.72105350,34.03235620",67.17411443,34.1571456,way/352010071
2/11/2016,11:35:36,"35.87707280,34.41978050",240.0001445,1.7234766,way/197144503
10/19/2018,12:24:04,"35.63088220,33.95418920",307.5598575,57.4047396,way/264587647
5/7/2016,18:33:15,"35.90468000,33.84485600",108.476019,7.157718,way/301933331
7/12/2016,2:55:32,"35.65347800,34.10411630",358.751669,115.273224,way/314150166
2/13/2017,18:39:03,"35.50493670,33.82655170",146.3118911,18.3471552,way/178408785
7/29/2018,9:23:26,"35.38090910,33.57505170",30.48923728,60.6930084,way/90725907
6/28/2017,23:48:38,"35.56789110,33.89862940",221.8671516,61.7986368,way/447381837
4/13/2019,13:52:24,"35.80282800,34.28248500",180.5581,58.9153248,way/441114339
3/15/2019,12:03:28,"35.44437300,33.70504000",41.74222,90.0753948,way/135202746
6/5/2015,18:18:43,"35.56724560,33.89756680",38.69045658,6.96833496,way/271065458
2/17/2017,15:40:14,"35.57701810,33.90783760",41.3990467,43.7382216,way/47276450
9/7/2017,8:40:06,"35.62617300,33.98304000",326.07748,38.37618,way/500380431
12/10/2017,17:38:30,"35.83810770,34.21967980",311.0058786,49.8048534,way/32038693
5/31/2016,16:13:18,"35.61602980,33.81532360",270.8990626,79.8693084,way/269135999
6/28/2017,10:09:41,"35.55230000,33.89524900",267.840839,31.5008388,way/26316545
3/18/2016,12:32:36,"35.52542600,33.87085300",165.669476,14.557374,way/31586100
2/3/2016,18:35:45,"35.58802800,33.93253000",348.511308,73.6517268,way/304003720
4/4/2017,17:27:39,"35.59097000,33.93999100",9.912911,20.2882392,way/26547436
5/19/2016,9:31:45,"35.49640370,33.89587370",264.7370061,3.99051,way/276559599
6/20/2015,8:40:23,"35.65725060,33.89347740",340.7056073,51.9286896,way/201180047
10/6/2018,14:27:57,"35.35812810,33.16927000",297.2238967,7.90732656,way/37574567
7/29/2016,20:17:52,"35.52593700,33.87009500",169.116365,75.7226628,way/5088486
2/13/2018,21:21:53,"35.53462200,33.85847900",149.75441,51.374646,way/327461029
10/26/2016,12:47:56,"35.58932170,33.93405280",189.756018,83.378484,way/212368273
3/5/2018,9:44:34,"35.59487300,33.95571400",245.920786,57.00591,way/453792991
5/2/2016,20:51:46,"35.52699400,33.88906100",261.202173,21.4727472,way/31774615
5/14/2015,18:07:24,"35.57789250,33.90837660",210.2378618,5.8978044,way/26547512
2/6/2016,1:57:36,"35.58403800,33.91783500",198.054112,59.6290788,way/26442072
7/11/2015,19:29:37,"35.60273600,33.96010500",37.688897,75.10797,way/212368259
5/3/2015,21:58:43,"35.39633800,33.60608100",78.59898,87.012,way/90852605
5/28/2015,6:11:09,"35.54279740,33.88274060",232.3868617,82.1351772,way/25872347
4/16/2015,9:04:30,"35.57076900,33.90141500",220.696735,27.036,way/26547512
9/2/2019,11:48:57,"35.86769700,34.29058130",312.1526889,58.131216,way/712040784
10/18/2016,14:32:23,"35.45874600,33.76040300",198.082749,62.9315748,way/269505955
11/16/2016,19:24:47,"35.63296910,34.17496230",13.88425264,97.3624752,way/183027606
3/24/2016,6:13:21,"35.48764600,33.89179000",7.18314,30.043728,way/26313993
7/11/2015,10:05:44,"35.58708640,33.92638180",192.6920039,73.8353412,way/26547451
7/30/2016,19:46:41,"35.62792000,33.97774400",102.467592,32.1049692,way/212368270
9/25/2017,20:47:05,"35.82002600,34.42637200",341.942964,38.9448,way/23950556
4/3/2017,18:56:40,"35.53388140,33.85562940",99.65309659,75.493638,way/266773035
10/19/2016,7:16:26,"35.61440990,33.93270350",84.11732254,33.1152048,way/26332887
1/20/2017,9:00:16,"35.58802500,33.92898100",24.699519,54.1884852,way/26547446
6/7/2016,9:17:41,"35.64647430,34.01778570",130.6516739,41.5525176,way/302279829
9/4/2015,21:52:01,"35.58746800,33.93072800",12.845092,60.6158928,way/304003720
2/3/2017,11:25:27,"35.60453000,33.96168600",31.20011,64.3198212,way/435299548
5/23/2015,20:17:32,"35.58049870,33.91166770",206.3679612,78.664734,way/200727720
4/14/2015,9:59:31,"35.48853100,33.87566000",262.193993,41.472,way/5051288
10/15/2015,6:47:14,"35.49630400,33.87891800",224.46267,23.5211868,way/211496405
2/4/2018,23:35:04,"35.51130500,33.86890300",55.265211,64.3265424,way/481239005
6/4/2018,15:24:10,"35.55974100,33.83968900",130.751862,75.963852,way/226910616
8/22/2016,6:26:23,"35.63932180,34.20025450",187.3232366,92.9524248,way/199410935
4/2/2015,17:39:54,"35.52549200,33.88096700",66.327187,61.6679964,way/211496389
7/9/2018,10:41:33,"35.58193200,33.91358100",25.698598,56.0436012,way/26547456
9/16/2015,5:46:02,"35.23140100,33.29431100",33.332972,54.1468008,way/25627140
6/2/2016,7:40:47,"35.33566600,33.48215900",23.842907,68.4827352,way/32040435
8/15/2015,7:23:58,"35.63132700,33.96142600",277.276153,46.7221968,way/205362956
12/2/2015,18:21:07,"35.50912990,33.89490110",140.1747219,0.008669987,way/200175775
8/18/2016,8:10:46,"35.53767800,33.85230000",314.303186,21.564,way/361034002
10/27/2016,12:39:39,"35.67178800,33.89170300",52.598595,26.502948,way/302989295
8/14/2015,2:26:21,"35.58332320,33.91591640",27.22942725,102.7288008,way/26547456
9/20/2016,14:39:29,"35.39452520,33.55706420",313.4953373,58.8332988,way/32040461
8/7/2015,8:29:44,"35.53812760,33.86023920",89.11342565,19.3510836,way/301935811
3/22/2017,17:15:07,"35.78241900,34.38645000",247.671187,16.6155624,way/317350037
11/13/2015,23:06:11,"35.54265820,33.69457900",78.04760753,64.909116,way/139563041
1/17/2016,10:06:12,"35.58199580,33.89113730",288.454769,81.8845452,way/200771272
8/23/2016,10:11:00,"35.74607300,33.99981700",185.375638,85.77027,way/26778276
3/19/2017,12:52:50,"35.56652230,33.89736590",225.4240028,47.611026,way/447394446
5/17/2018,19:37:06,"35.50297700,33.87500800",260.22837,27.4427208,way/26776709
12/31/2015,11:26:16,"35.65357360,34.10000990",357.8827427,89.2726416,way/251916592
11/16/2015,6:47:56,"35.63196300,34.04237000",213.044781,85.2171012,way/197464561
8/18/2015,19:20:09,"35.79628530,33.95581640",91.75124967,80.3013372,way/150238848
3/8/2018,8:16:56,"35.66143200,34.23765500",214.585436,86.9328972,way/185231272
6/7/2019,20:14:32,"35.28972100,33.41465700",218.729162,37.1659608,way/90940800
12/8/2015,10:20:08,"35.50048200,33.87844400",287.262668,2.8098432,way/26959863
10/17/2017,16:33:34,"35.54365800,33.89743100",105.811277,50.975334,way/200611935
11/26/2016,8:34:21,"35.58964100,33.91722100",21.126577,23.6803608,way/26317261
8/14/2016,1:09:05,"35.50174200,33.90178600",98.497522,49.4204328,way/33748010
2/13/2018,9:12:56,"35.42438000,33.67656600",315.574821,69.5021148,way/32040162
3/12/2016,12:53:02,"35.52839300,33.84409000",175.638054,29.6263044,way/373743982
4/2/2016,20:13:58,"35.53202720,33.89827310",107.3132321,66.998484,way/26547523
7/8/2018,21:04:54,"35.63236900,33.97918300",223.951935,27.9622476,way/26389484
1/28/2018,15:31:22,"35.42473200,33.65830800",202.27789,99.0436284,way/32040163
7/16/2016,11:20:17,"35.26988000,33.35680900",180.542832,100.6729992,way/406680968
9/14/2018,12:30:42,"35.65449300,34.07355600",29.526092,47.2681476,way/26778451
8/18/2015,18:00:32,"35.60097330,33.95770230",47.65654371,10.62054936,way/304043675
4/6/2015,9:22:15,"35.48509850,33.85072880",1.300040213,31.632336,way/178793671
9/20/2015,13:47:24,"35.58840160,33.93056410",193.0919899,85.6212876,way/212368273
3/18/2017,18:22:51,"35.63673270,34.18803060",13.90243864,76.8395952,way/185231271
4/11/2017,10:02:01,"35.90420000,33.82841700",241.9643527,72.943596,way/97675077
5/3/2017,13:22:12,"35.57739500,33.90813100",20.639732,57.3524928,way/47276450
3/10/2016,8:14:22,"35.60543300,33.95019300",205.345466,27.4942332,way/33691898
10/28/2015,11:20:55,"35.52055280,33.88225390",261.2774509,7.10233848,way/261480508
4/14/2015,18:45:09,"35.55701410,33.88152560",128.7890816,5.83722756,way/26705583
8/3/2016,8:32:28,"35.49610500,33.88166800",202.624654,28.0883052,way/179130339
7/3/2015,10:08:06,"35.53062100,33.88439000",246.395004,35.180892,way/285888792
3/1/2016,13:09:48,"35.62116900,33.96900200",144.902701,9.6503004,way/205362956
12/19/2015,9:04:45,"35.63079680,34.02153160",8.326643841,39.0357144,way/47513244
6/17/2018,17:47:23,"35.52540700,33.78361200",278.870336,48.8115252,way/26726359
10/19/2017,14:14:47,"35.69777400,34.08440200",265.735223,25.7631696,way/303279199
10/6/2018,21:02:42,"35.58239100,33.90450800",202.428628,27.2999772,way/447394440
9/25/2015,16:27:18,"36.00284560,34.24109600",56.93495231,25.3088712,way/301210999
9/10/2017,16:33:10,"35.45391200,33.73442600",358.792346,20.42469,way/23901698
7/8/2019,13:19:41,"35.69817600,33.97638100",27.167445,51.42123,way/452534104
6/4/2017,17:15:36,"35.64906200,34.00688000",202.74414,43.9127892,way/303919215
8/30/2015,11:40:52,"35.63641500,34.14291900",328.573649,83.521458,way/199414258
10/8/2018,18:55:22,"35.57013800,33.90234900",27.430122,15.5483028,way/375810712
11/14/2015,21:37:23,"35.52072330,33.88842950",337.1640881,47.7357516,way/261479530
7/21/2015,15:42:41,"35.54444750,33.87568880",18.82532107,0.489765348,way/305325499
8/5/2019,20:03:28,"35.52576720,33.87060530",333.1141355,95.6405952,way/5088274
6/10/2015,14:51:54,"35.48645600,33.89040100",261.792019,30.0843756,way/200175805
8/22/2016,13:55:22,"35.65876100,33.90572800",61.471671,41.1437736,way/302989295
3/1/2017,21:07:35,"35.49504100,33.87368200",4.919872,75.1113288,way/5051675
11/22/2016,10:07:32,"35.61929140,33.97848990",54.05113207,61.0927596,way/205361291
1/22/2016,9:06:04,"35.50637700,33.89327200",155.23018,35.4749364,way/237742368
5/18/2017,19:53:50,"35.50882900,33.89263200",72.356849,19.6659216,way/478839771
8/6/2016,15:31:48,"35.64013540,33.95656840",314.6607523,40.7663568,way/321277507
2/22/2016,19:53:16,"35.62896200,33.92076100",186.154603,48.2385816,way/26681466
10/15/2015,6:54:24,"35.53047870,33.86520910",186.6749407,87.030072,way/197979023
1/25/2017,5:54:01,"35.57508400,33.90548600",40.30928871,98.4449304,way/26547512
8/7/2015,18:04:25,"35.58275510,33.91557320",25.19058851,66.0338748,way/26547456
6/26/2015,15:56:51,"35.50970170,33.87835850",94.18689113,30.1398372,way/26260723
2/25/2019,16:06:01,"35.64678400,34.01459300",142.632406,40.1776596,way/251916589
9/1/2016,20:02:41,"35.64449020,34.13639260",329.9760846,54.7738848,way/314068180
7/11/2018,8:29:42,"35.55437880,33.89372740",177.0164154,0.127953828,way/215029231
12/26/2015,17:40:30,"35.58451580,33.92392920",274.4192101,5.9703984,way/304003732
6/7/2019,12:12:21,"35.49363800,33.85021900",357.101796,82.5888276,way/361023917
9/19/2017,20:26:28,"35.38749100,33.59093000",192.312422,23.7085056,way/23901716
11/10/2018,11:49:10,"35.78200900,34.16636700",283.338271,2.2287384,way/306638146
10/17/2018,23:15:55,"35.59927040,33.95641270",73.08260259,65.234826,way/435299627
5/6/2016,11:25:25,"35.74308320,34.35186100",171.9012566,93.2679648,way/26334504
11/28/2015,13:42:36,"35.48315300,33.89555580",255.3902081,4.09664592,way/285893763
2/21/2017,12:55:52,"35.53822700,33.90078100",14.283611,75.3085404,way/360375078
1/7/2016,18:48:37,"35.49878400,33.83300800",103.047237,24.7630392,way/178475521
11/1/2016,18:16:34,"35.69787100,34.03536400",11.865137,53.0353368,way/313982965
8/31/2017,16:47:14,"35.47632000,33.78338500",173.130413,2.0408796,way/269505955
6/5/2015,6:55:13,"35.53650800,33.85434500",357.172999,32.391684,way/267187267
3/3/2018,13:56:27,"35.56122100,33.89565400",75.771962,19.4545044,way/530547741
12/3/2017,19:40:08,"35.56589100,33.88910500",26.271914,36.7965252,way/307467832
6/24/2015,7:58:15,"35.55845330,33.89519460",256.8021721,54.2904264,way/287687387
8/19/2017,13:58:56,"35.65169900,34.11941400",358.931528,94.8743604,way/197464431
7/13/2017,21:49:41,"35.65904600,33.98447800",212.89856,29.5321428,way/272741441
11/26/2015,16:47:50,"35.52784910,33.89738840",273.743592,11.81217312,way/261545578
10/13/2016,19:19:47,"35.53744660,33.89463900",39.26837476,0.382082508,way/200761066
4/8/2017,3:01:35,"35.59136600,33.94196000",6.89465,92.8856088,way/26547436
9/7/2015,8:02:11,"35.66375890,34.06831410",356.8740542,48.0127932,way/299622770
10/28/2017,3:11:04,"35.53282500,33.89044400",274.718462,73.0455012,way/200606218
10/7/2018,13:56:02,"35.55150500,33.88694500",232.392444,25.3667124,way/26489820
11/6/2015,7:05:49,"35.64591860,34.00065430",268.4795145,33.1036776,way/204924078
11/3/2018,19:26:05,"35.65296200,33.97997800",73.961257,38.6316684,way/280735506
11/19/2018,15:17:29,"35.72198900,34.22988600",49.480805,31.0614228,way/306339120
5/27/2019,7:09:24,"35.56845200,33.83358600",223.700549,25.3432692,way/261640601
5/17/2017,13:55:05,"35.45173630,33.71746720",185.7042638,77.997294,way/47152734
5/21/2015,14:30:32,"35.61007400,33.97189600",214.404005,40.284,way/26586371
9/4/2015,19:21:47,"35.83568100,34.29733400",254.89379,30.4464204,way/287470432
8/31/2015,14:49:10,"35.44465500,33.70528700",51.161708,94.2043248,way/135202746
1/5/2016,18:23:24,"35.61390000,33.91826300",65.70426,23.3177508,way/26681466
1/18/2018,20:09:15,"35.54194400,33.87067700",342.163229,43.167366,way/442730321
9/25/2017,7:16:55,"35.35628450,33.51236110",39.37697131,92.1057768,way/94668776
5/22/2015,11:02:03,"35.71946010,34.30693280",228.2413975,112.1073696,way/26334501
12/5/2015,21:38:21,"35.79037060,34.29878850",290.4879159,66.1704408,way/287470432
4/5/2019,17:20:35,"35.95764100,34.49479800",26.117876,13.9380768,way/108254454
8/7/2015,9:29:42,"35.59860200,33.95598300",82.368267,17.9426196,way/212368259
8/5/2017,19:37:46,"35.58987300,33.89066900",76.50467,65.5433748,way/200771271
1/1/2017,15:19:55,"35.64928620,34.07782510",216.2671004,99.95544,way/26359052
5/8/2018,19:48:42,"35.63913800,33.98472800",39.14674,58.2627312,way/212368243
9/27/2015,19:17:15,"35.83273290,33.81348220",225.3648721,57.9129804,way/178700856
4/15/2018,19:14:59,"35.61779000,33.96235700",333.665211,21.7658124,way/300758233
2/21/2016,16:34:19,"35.71354520,33.90607970",75.38706136,0.007914023,way/302534554
11/5/2018,8:54:46,"35.57441260,33.89338570",319.6135777,3.6592344,way/628830052
7/20/2016,22:49:06,"35.62293400,33.97914100",282.896459,64.3472244,way/205367831
9/1/2015,19:04:42,"35.52961600,33.89891900",284.670626,89.8106148,way/26491495
2/22/2017,12:49:35,"35.57327500,33.89279100",37.878133,36.629172,way/226959756
5/28/2015,13:45:52,"35.53450800,33.89768800",106.037721,37.476,way/26547523
4/4/2015,19:36:36,"35.65017100,34.01979000",122.285927,39.42,way/302279829
4/13/2017,14:05:27,"35.64649500,34.13499700",306.514829,28.8820872,way/314068179
6/24/2015,21:04:12,"35.51165400,33.87858100",265.244251,65.6463456,way/27102197
2/23/2016,21:33:07,"35.65071000,34.12310600",162.937235,46.5045552,way/204833063
8/2/2015,9:10:25,"35.45563050,33.54018560",127.4404203,51.1410348,way/347636082
5/30/2015,11:35:29,"35.48752900,33.88154700",279.944577,65.5140492,way/211496395
2/2/2017,14:09:17,"35.65294500,34.11144500",352.904806,84.7045008,way/197464431
7/22/2017,12:17:05,"35.63379000,34.14758600",346.280181,79.8520104,way/199414258
3/15/2017,8:45:34,"35.37146700,33.55705700",31.916453,21.8388348,way/451969061
10/1/2019,11:11:26,"35.54075700,33.83734300",350.406355,3.182472,way/26773302
11/7/2015,0:35:25,"35.54153800,33.89592500",106.273817,70.4895048,way/26491500
7/4/2016,1:12:12,"35.49698870,33.88304540",18.31595987,29.2711104,way/34214093
3/22/2017,9:19:44,"35.46558900,33.35637900",223.789822,26.6595516,way/95938554
3/24/2015,8:44:04,"35.56309460,33.89494590",223.3826371,23.24019888,way/26317677
4/13/2016,8:02:16,"35.48082500,33.89400900",352.876899,6.4480932,way/33819594
6/13/2016,21:19:53,"35.49495070,33.83312960",16.1916479,52.1745408,way/47930673
6/11/2015,16:47:43,"35.52042900,33.88237000",236.869994,16.844616,way/261480508
11/19/2015,8:22:54,"35.52851300,33.89921800",284.623783,16.9205364,way/26491495
10/9/2015,15:39:04,"35.57307500,33.88567900",324.609793,32.632452,way/200611945
7/7/2016,18:59:22,"35.52561200,33.89468900",91.213136,22.1678208,way/297155988
5/19/2016,15:10:20,"35.54787660,33.88577300",53.53546968,72.0110772,way/261333218
6/14/2016,13:01:27,"35.60312900,33.92099000",28.238707,25.1917596,way/27639713
11/7/2018,18:21:09,"35.55423500,33.84917400",122.720291,62.1024984,way/443155932
6/18/2019,10:52:26,"35.54745055,33.87746108",3.537807903,1.82434212,way/630005366
9/25/2018,9:02:00,"35.49790900,33.90164300",233.430278,40.6325052,way/33748011
5/4/2017,22:27:35,"35.47453100,33.88635200",274.97507,34.45596,way/33823934
3/26/2018,19:16:06,"35.63562500,34.01770800",122.74525,69.573312,way/562869406
6/29/2016,11:30:35,"35.58806500,33.92953680",195.9401047,47.9145708,way/212368273
10/9/2015,14:48:22,"35.60543800,33.93599400",269.93474,47.6211456,way/26434291
12/23/2015,8:46:46,"35.63431100,34.17702900",12.902613,100.2059064,way/183027606
7/30/2016,17:50:26,"35.69421800,33.96896700",265.896322,23.4373068,way/305237498
8/23/2016,4:54:06,"35.53864560,33.88470220",335.5113989,9.98673264,way/200761068
12/19/2017,15:14:20,"35.53268060,33.89801110",127.0372924,10.89438624,way/530758642
1/5/2017,8:22:33,"35.56531210,33.88222120",166.4530747,2.402831412,way/301095749
8/26/2016,23:39:55,"35.75324490,34.04765170",83.79292303,30.8012184,way/26778425
8/4/2018,14:44:09,"35.59615800,33.69874800",270.903946,43.0842636,way/137000042
1/23/2017,8:35:19,"35.62738200,33.97796200",283.333796,36.9858384,way/26389484
1/21/2019,12:50:34,"35.55569350,33.84628050",345.9987533,89.5367196,way/226910615
6/13/2016,19:31:06,"35.55059570,33.89372520",70.02278694,0.956628828,way/200611929
7/14/2016,17:40:49,"35.55534040,33.89024650",233.9990308,20.95168464,way/302732219
11/24/2015,15:20:43,"35.50058600,33.89367000",122.011914,46.3432176,way/200499920
2/18/2016,18:27:30,"35.51384000,33.87992000",148.603181,19.9815552,way/360355457
2/3/2019,14:00:47,"35.50913200,33.89647300",186.882197,57.0782844,way/200655681
4/11/2016,16:18:28,"35.53517090,33.89156920",170.4982961,17.3572776,way/200761065
11/8/2018,15:16:24,"35.45290400,33.72575300",2.676394,72.5668056,way/23901698
1/7/2017,11:39:24,"35.63358720,34.14899290",349.6295039,88.580844,way/199414258
9/17/2015,15:22:04,"35.54052800,33.88909700",99.968301,102.6022716,way/276457902
1/15/2017,17:31:31,"35.50455300,33.82573700",22.866238,57.1204116,way/178408785
11/23/2015,17:44:58,"35.58745760,33.85577110",200.7838163,37.676088,way/26728420
8/17/2015,19:11:48,"35.67744800,33.98604300",219.449814,39.4089084,way/31587515
1/17/2016,18:45:12,"35.38049400,33.18004700",326.162178,39.4778304,way/256137038
9/23/2017,3:33:08,"35.91804600,33.70509400",210.886382,48.3279588,way/26461354
5/25/2015,18:23:47,"35.54352200,33.89536220",133.9979699,18.27915732,way/26491500
4/27/2015,9:06:11,"35.51865890,33.89682270",243.4318637,40.9444812,way/26315123
11/15/2015,13:42:48,"35.49489100,33.79152700",305.438747,49.7122956,way/26757004
10/3/2017,11:19:35,"35.87115600,34.45064600",188.650544,25.0568784,way/197145218
11/23/2018,9:41:35,"35.48159800,33.37960200",190.068318,3.472272,way/94964556
11/15/2018,16:48:56,"35.64549600,34.01588000",108.847257,52.7016024,way/562869399
6/18/2015,17:52:39,"35.65831860,34.01406260",85.29507659,35.3975112,way/227026194
12/25/2015,21:00:45,"35.21703900,33.26970000",105.411414,26.5841568,way/109584616
7/25/2018,14:59:14,"35.62863800,34.03726300",193.287812,88.2906012,way/26389329
12/27/2018,19:00:50,"35.61602700,33.97653500",48.830516,23.4401364,way/423383968
9/6/2016,17:43:47,"35.59819100,33.93517300",359.235131,54.2896308,way/26434293
12/12/2016,15:50:05,"35.48589620,33.86422730",182.1882484,70.1372484,way/5122690
7/10/2015,13:31:46,"35.50636900,33.87821900",276.129451,28.7933148,way/200915507
7/20/2017,12:44:32,"35.56101200,33.89588200",256.104949,23.487552,way/287687387
12/5/2015,12:10:07,"35.61619300,33.97668100",53.085415,16.6368744,way/205361291
5/16/2018,2:08:22,"35.61294100,33.97480800",189.685684,51.6013776,way/549820248
11/30/2016,0:00:47,"35.63821400,33.89094600",158.381589,39.6843444,way/26490164
2/13/2016,17:53:08,"35.59674650,33.95576790",252.7493666,71.4739536,way/212368273
7/2/2018,7:50:40,"35.50280500,33.89304500",292.091484,46.9582668,way/531173772
8/23/2018,12:04:33,"35.83032000,34.41984200",232.374183,20.7452124,way/98882306
5/29/2015,14:33:49,"35.48954500,33.90115000",96.962433,25.9513524,way/211496399
7/21/2015,14:40:30,"35.21733900,33.27900300",102.965087,26.2675152,way/25627140
4/16/2016,8:59:57,"35.45357600,33.73305100",175.049261,86.7787596,way/269505955
8/20/2017,12:28:35,"35.79787600,34.05266500",61.064057,41.2713504,way/85310227
11/6/2018,14:02:24,"35.64065580,34.05500070",239.1755862,96.8222016,way/26389329
2/22/2016,7:21:36,"35.54657700,33.88522000",238.577079,44.973828,way/261333218
3/30/2019,12:42:29,"35.57438330,33.89331830",301.6734141,71.9402976,way/628830052
8/6/2015,21:06:52,"35.70788400,33.99071700",335.386841,18.9485604,way/26361089
9/27/2015,13:01:26,"36.08680740,33.92806420",41.97439977,10.20139704,way/97831933
10/28/2016,17:06:27,"35.54974400,33.88213300",203.965138,34.8638904,way/317684485
8/22/2015,8:36:00,"35.58562540,33.92052750",22.68544331,75.8134008,way/262829641
11/4/2016,21:36:28,"35.59120700,33.94066400",351.306524,14.81067,way/26547436
1/11/2017,12:02:33,"35.54359100,33.87090000",356.829943,4.5044568,way/296052744
6/30/2017,9:40:53,"35.63535000,34.18202830",16.25585133,105.7207644,way/185231271
12/14/2015,16:05:58,"35.50578390,33.89218700",85.28376681,7.1079084,way/26492239
9/2/2015,16:59:21,"35.58985360,33.86433100",91.73003152,42.9184656,way/261179434
12/10/2016,19:01:53,"35.50024390,33.87845550",286.996017,0.972110772,way/26959863
6/15/2015,14:42:57,"35.51396900,33.89678800",105.135851,47.001438,way/201251098
6/10/2015,21:09:57,"35.71717080,33.80444540",282.7271191,45.7647768,way/26607205
9/23/2017,19:32:57,"35.51915200,33.68759500",267.686027,32.2156476,way/139563047
10/9/2017,5:22:27,"35.42459640,33.68547640",161.7663951,88.908336,way/32040159
11/4/2018,9:38:36,"35.77328200,33.44860900",216.116496,64.95102,way/91176730
10/21/2017,19:31:20,"35.65201300,34.08965500",357.851721,87.691662,way/251916592
6/16/2015,10:56:53,"35.65224460,34.01102270",328.3002315,38.3237064,way/227026194
4/25/2015,11:24:41,"35.55916500,33.85872700",129.885047,42.30423,way/261074932
9/5/2017,14:08:30,"36.36974730,34.22094320",14.09469146,49.9174416,way/26576156
6/16/2015,0:52:16,"35.55050000,33.89341900",133.065,20.039994,way/309201866
12/21/2016,8:32:53,"35.64447440,34.07148580",39.94605542,1.7133903,way/251916592
9/20/2015,15:22:04,"35.70437040,33.98314820",236.6465838,47.392686,way/26361108
11/7/2017,17:10:29,"35.53635500,33.87390500",197.916116,37.6346772,way/26655913
6/21/2017,18:33:22,"35.50842000,33.64351000",320.474237,25.5057624,way/32039869
7/10/2016,17:10:57,"35.86150350,33.81627930",90.77570335,28.69992144,way/390008315
11/18/2015,20:39:43,"35.58690900,33.92535600",11.254151,52.0254936,way/262829641
5/13/2019,10:02:19,"35.54156135,33.88191993",238.9451147,41.3403696,way/261333219
5/4/2018,19:05:57,"35.62017590,33.95489110",216.3680493,36.1021824,way/365068437
3/2/2018,20:22:12,"35.45385680,33.73802750",357.0571964,97.0389252,way/27114208
11/4/2016,13:48:01,"35.87398000,33.81972300",253.484255,49.1539032,way/304824833
10/21/2016,12:02:07,"35.60731200,33.94707500",304.010828,51.6398256,way/33691898
10/21/2018,12:51:56,"35.72025000,33.90447400",77.370162,77.8287672,way/631337956
8/25/2016,10:16:18,"35.59296700,33.91946100",281.645585,31.6356876,way/26307037
3/28/2015,18:17:36,"35.57390800,33.89379300",299.838176,22.212,way/200771272
8/20/2015,10:03:36,"35.63365210,33.98011560",41.75970625,41.4546048,way/300742192
9/17/2015,15:42:07,"35.60929600,33.97076300",206.160788,56.2188132,way/26586371
8/15/2015,15:51:56,"35.45340700,33.74109630",172.4129238,68.4865656,way/269505955
4/14/2015,13:54:14,"35.54927200,33.83971900",315.194981,14.8813452,way/29001363
9/14/2017,13:14:11,"35.19695400,33.27361000",240.969211,27.3860388,way/94748020
6/6/2018,8:23:11,"35.50407800,33.90173800",271.122826,35.0175096,way/485524840
8/25/2019,19:27:14,"35.57765260,33.90796890",39.14685261,60.8343552,way/26547485
2/28/2017,19:01:35,"35.55205000,33.89381560",78.78713495,20.5758216,way/211496393
7/11/2015,20:27:54,"35.66770150,34.25984020",188.3682277,83.9850876,way/26334402
11/28/2017,16:21:34,"35.53855800,33.90158300",10.288898,22.667976,way/26551646
1/7/2016,20:09:03,"35.59395500,33.92262500",233.053982,43.4016936,way/26725855
3/6/2016,18:41:09,"35.51641600,33.89645750",97.84814396,66.7165428,way/361451874
10/12/2015,21:03:18,"35.69591490,33.91358150",99.63697834,48.4636572,way/251871168
9/26/2015,12:44:42,"35.55453200,33.85984800",155.414705,7.449192,way/26728436
12/9/2015,9:41:49,"35.53221780,33.88061330",118.4598537,0.53762004,way/200761173
9/26/2015,14:01:07,"35.42755440,33.67360040",146.1944264,89.5689792,way/137387747
6/14/2015,9:05:01,"35.58709300,33.82898700",242.647354,30.1947984,way/269319561
6/2/2017,18:46:15,"35.53611830,33.78100750",54.65041688,0.852357924,way/26726359
6/26/2016,12:17:24,"35.63733400,34.02786500",304.151907,18.1991016,way/26926407
10/3/2015,11:43:44,"35.30255600,33.46555700",223.667293,41.7419208,way/32040583
11/10/2018,14:38:19,"35.54554900,33.89674200",113.439222,76.2131808,way/200611935
10/30/2017,18:01:10,"35.48888000,33.89792700",140.076769,9.949842,way/237742375
7/11/2018,8:35:27,"35.52201660,33.88785150",97.44601108,3.88246968,way/31774557
6/14/2016,18:10:56,"35.76937530,33.70951340",29.22841946,61.339752,way/26400193
3/23/2015,13:02:04,"35.53236560,33.81677490",132.0805288,20.32401708,way/26796663
6/29/2019,22:56:08,"35.55601600,33.89456300",77.851016,41.3304192,way/212368264
8/21/2017,11:40:17,"35.55569690,33.84583760",341.1913125,66.966498,way/226910615
5/3/2019,17:13:15,"35.73381900,34.05168900",338.697904,48.1777272,way/26778422
5/8/2018,21:29:53,"35.87600200,33.64098400",33.058467,59.6948508,way/26461354
8/5/2016,15:55:16,"35.53808300,33.89872800",11.910208,16.9344,way/200611923
2/6/2016,13:58:09,"35.48050200,33.78948500",162.304507,45.608652,way/51801168
1/28/2017,17:44:20,"35.78599000,34.09452200",20.210228,6.9842268,way/26778451
4/30/2017,22:45:54,"35.59022690,33.93676120",14.01147594,63.79083,way/26547446
2/25/2018,18:56:50,"35.53728670,33.88511500",12.99000796,2.24707104,way/31313266
2/19/2018,23:29:26,"35.23015200,33.24892300",42.713078,3.1697856,way/35099965
8/23/2015,20:33:47,"35.55289000,33.89406900",80.553912,57.261978,way/211496393
7/17/2019,17:05:03,"35.55545920,33.88285980",221.3615651,24.6752946,way/530544259
2/9/2018,16:36:24,"35.21071200,33.27539000",221.666879,45.18954,way/94740767
2/18/2017,2:35:02,"35.53270540,33.85593930",305.7583333,65.1301884,way/449803591
7/1/2017,15:55:28,"35.64102100,34.02572300",274.743552,23.038416,way/452776317
10/24/2016,8:56:57,"35.50114723,33.87830242",281.7212554,17.2644138,way/26959863
4/1/2019,7:13:42,"35.61464600,33.97590700",66.59763,53.4319488,way/423392643
2/4/2016,18:41:49,"35.84569910,33.70482950",21.39468206,75.0472308,way/26282462
6/7/2015,0:28:22,"35.58468300,33.91910600",201.79276,69.9840036,way/200727718
10/4/2015,21:51:47,"35.67966290,34.27068330",241.1220651,94.128606,way/26334402
6/23/2015,7:49:13,"35.50171700,33.89341100",280.261989,43.4762604,way/26492244
12/15/2015,17:39:15,"35.60110700,33.91533100",41.249545,34.5949236,way/26513786
11/30/2017,11:20:59,"36.14876300,33.97791600",232.911896,83.531862,way/301455359
12/31/2016,7:36:00,"35.53422400,33.89186300",204.323364,48.1353012,way/26551652
6/12/2016,21:27:27,"35.65977380,33.89144180",138.2882186,51.3750528,way/201180039
10/23/2016,20:13:51,"35.48978100,33.87430000",251.043454,26.2469196,way/300739345
8/14/2015,21:17:15,"35.63521300,34.04653720",207.0125392,89.7149268,way/26334457
7/13/2015,10:54:06,"35.83029550,33.81602690",25.17892928,3.066688656,way/303050551
4/9/2015,6:46:43,"35.75676100,34.32474600",306.89622,65.4624396,way/287470432
7/24/2018,21:41:47,"35.52759300,33.86756300",155.222551,70.219818,way/261838533
5/24/2015,11:57:51,"35.72965200,33.92936100",120.167629,24.768,way/26693346
9/9/2015,8:44:02,"35.68999260,33.95539880",76.5236179,42.433731,way/26996624
7/1/2015,10:57:20,"35.53393710,33.89250590",15.29924453,7.70524056,way/42805783
2/23/2017,12:09:50,"35.58868000,33.93108800",16.058235,69.9590988,way/26547446
10/11/2016,21:28:32,"35.54150400,33.87212500",184.483384,67.2806916,way/26657174
11/15/2018,15:00:19,"35.53868100,33.89897700",67.552497,38.64537,way/304638666
11/1/2018,12:45:42,"35.53648946,33.86981906",1.841548107,7.4422296,way/29888211
11/24/2017,17:22:49,"35.60012000,33.94451400",291.154084,30.5384652,way/26490478
5/16/2018,10:38:14,"35.77578030,34.37970500",59.63886569,71.0276148,way/443965455
6/23/2015,23:07:41,"35.48445790,33.83498560",182.5080199,40.20462,way/178793666
5/4/2016,16:18:51,"35.37230000,33.55492700",212.394976,29.509362,way/95243577
9/7/2015,11:57:33,"35.81266900,33.64968900",35.38718,103.2670296,way/26282462
7/17/2017,18:19:56,"35.61777900,33.96685300",17.439854,18.7011108,way/304098962
5/20/2019,4:05:10,"35.60368300,33.96160200",26.764222,50.9958396,way/304044026
8/21/2015,14:07:43,"35.40216680,33.62752620",20.35406981,59.8212828,way/49908098
6/23/2015,19:34:29,"35.40316500,33.61803000",162.626873,101.1102264,way/32040173
2/14/2016,22:45:46,"35.45340400,33.74142600",24.56869311,98.8479504,way/27114208
3/1/2016,20:43:41,"35.58759900,33.92761000",28.245633,41.7351852,way/26547446
7/26/2015,18:26:08,"35.61482200,33.89046700",57.705266,55.730016,way/200771274
4/30/2015,22:46:52,"35.57024710,33.90084200",221.5290219,67.1343336,way/26547512
10/25/2016,8:12:19,"35.64420500,33.97339200",235.709978,55.7158068,way/197488664
4/14/2019,16:02:01,"35.48384600,33.79900100",26.725414,39.1686516,way/226910613
7/2/2015,9:56:49,"35.58314400,33.91601000",226.795134,66.7381176,way/200727720
10/5/2015,12:57:09,"35.49401390,33.85875670",25.07024888,10.3845528,way/283468105
4/6/2015,16:52:05,"35.44761100,33.68812200",45.059932,54.684,way/32039848
11/19/2017,14:37:08,"36.37177500,34.22813100",30.980927,29.9938644,way/26576156
8/7/2015,14:16:06,"35.53610800,33.86754400",22.133828,20.448,way/29888211
12/1/2017,20:59:56,"35.57810600,33.90847300",22.509241,9.635832,way/26547485
5/2/2015,0:35:43,"35.59257590,33.95000310",182.4992814,77.3523864,way/212368273
4/18/2017,11:25:20,"35.40486610,33.61494580",339.191306,79.7788692,way/32040175
12/27/2018,1:00:40,"35.89036900,33.82276200",258.461097,32.532138,way/97675076
5/27/2019,13:23:53,"35.49380000,33.84629400",183.074679,82.894014,way/27101521
4/5/2016,9:40:21,"35.67245050,34.26724660",54.33554606,88.9837524,way/26933486
9/8/2015,16:10:43,"35.63419100,34.01959500",332.323844,50.9000112,way/204924084
8/18/2015,21:14:27,"35.49340930,33.85436220",183.3858636,99.83718,way/361131481
7/31/2018,13:03:52,"35.45252500,33.72289200",6.317389,81.2485368,way/135200891
11/21/2017,14:45:17,"35.55969200,33.89801200",65.123005,28.6791372,way/5051935
10/31/2015,8:54:47,"35.64555240,33.99622920",20.83307711,58.5689868,way/212368241
5/10/2016,7:24:44,"35.48634300,33.87511600",359.364325,65.3563332,way/178823393
1/7/2016,23:40:27,"35.89370900,34.46311700",81.389918,45.8494596,way/108252090
5/12/2015,8:07:46,"35.50651710,33.77811300",124.2571658,59.983938,way/26756614
5/13/2015,12:47:54,"35.81210330,33.80390230",223.7100024,51.9198948,way/178700856
12/22/2015,12:09:37,"35.53732350,33.89690090",79.36664635,10.71365508,way/26316535
10/16/2017,8:03:52,"35.48422600,33.89082000",320.073201,26.6363604,way/5123422
10/1/2016,21:11:26,"35.55656400,33.87725600",269.13066,27.3863556,way/301095735
3/9/2016,21:12:13,"35.49441400,33.86819500",200.735014,96.4565424,way/179136621
6/10/2017,13:08:18,"35.49570600,33.87923200",286.308682,5.0159232,way/261642916
2/19/2016,17:32:09,"35.63280600,33.89690100",6.585313254,67.6250244,way/200771274
7/17/2015,15:07:54,"35.90771650,34.28826180",301.1799253,49.622112,way/32038814
6/1/2015,19:20:24,"35.65307990,34.11188120",335.0462758,28.5190866,way/197464431
9/8/2015,13:29:20,"35.59504960,33.91629020",264.8243135,2.434186224,way/33692852
5/30/2017,19:52:36,"35.64385330,33.99263820",23.41270959,70.2036792,way/212368241
7/26/2017,20:17:13,"35.64193630,33.98910200",25.29428926,34.4409714,way/212368241
9/3/2016,12:50:47,"35.84740610,34.37033570",30.92795669,57.5351244,way/323610799
10/15/2015,23:03:41,"35.54925110,33.89153900",11.00410585,0.826701984,way/270091232
6/8/2016,16:08:03,"35.55544800,33.87614600",270.852027,22.3365456,way/30153360
7/11/2017,21:50:01,"35.63205100,34.04611600",32.459894,45.1474128,way/27002539
11/29/2018,9:46:49,"35.49517750,33.87348250",0.691040945,17.67485268,way/361025537
7/5/2017,9:14:28,"35.81726100,34.29926600",278.585817,42.1915608,way/287470432
4/13/2018,1:03:37,"35.62637400,33.89036210",303.0962925,44.997822,way/454039864
7/30/2015,0:24:48,"35.60061670,33.80261290",179.3240891,29.8946376,way/150250882
3/12/2016,14:20:56,"35.57710100,33.90748600",38.682602,40.2159348,way/47276450
3/8/2017,15:00:22,"35.59310100,33.91585600",193.347703,30.7997748,way/33692852
10/22/2015,7:27:03,"35.54051600,33.75445800",291.942189,30.13245,way/26756869
8/24/2018,14:57:57,"35.38605680,33.58559330",195.3723851,28.9531404,way/90745680
11/3/2017,12:24:51,"35.69186100,33.80994500",158.50414,33.2675244,way/26607214
3/23/2018,17:40:29,"35.59162870,33.94535910",13.89249225,56.5523568,way/304003738
9/12/2015,9:28:33,"35.48932100,33.78934600",347.518695,16.596,way/26756651
10/7/2017,20:46:50,"35.56518300,33.89967500",338.847774,16.0471116,way/447405463
6/28/2015,11:49:57,"35.51898010,33.85332040",259.600917,38.0884068,way/296974368
6/23/2017,17:55:01,"35.59189820,33.93841960",165.6716791,0.283916412,way/26152226
10/9/2017,1:06:21,"35.65366900,34.10195300",7.476912,62.0006544,way/314150166
10/15/2015,7:53:01,"35.84640400,34.37577500",191.40107,28.6589916,way/323610799
11/8/2017,15:04:00,"35.62375100,33.92532000",158.646544,25.2244944,way/226714194
3/29/2018,15:25:11,"35.64666000,33.99880500",19.486582,27.8880516,way/549817042
3/11/2018,16:09:05,"35.99577430,34.01042580",243.2057651,64.524384,way/26438697
8/29/2017,18:37:07,"35.56366100,33.88711800",317.541412,28.4795064,way/26489717
10/10/2016,13:14:16,"35.63357900,34.04442900",210.093459,90.8678772,way/26334457
4/16/2017,10:57:56,"35.38479600,33.55772500",194.098538,19.4445864,way/95253394
11/15/2016,16:16:14,"35.54739980,33.89438820",106.6918052,15.9384744,way/200611933
9/25/2015,17:13:23,"35.63873480,33.89832960",222.4954679,77.368032,way/201180047
6/30/2018,8:36:28,"35.62082000,33.94610700",152.17739,20.7842004,way/33691901
10/5/2015,17:11:28,"35.61808670,33.95253810",133.0042809,4.22202744,way/264587591
8/29/2018,22:54:03,"35.59122960,33.89111940",245.4314853,57.69405,way/200771272
8/20/2015,17:30:17,"35.48300140,33.79550420",60.28862741,15.58083456,way/178401188
5/8/2016,14:06:12,"35.50081000,33.88889900",87.935826,37.4879844,way/34215101
5/24/2016,9:33:53,"35.63731360,33.98322450",240.6762237,21.6474408,way/212368239
8/20/2015,13:09:47,"35.48054800,33.87962200",170.562325,61.7889852,way/360846238
7/4/2016,10:10:16,"35.63274900,33.92540000",311.597351,14.7761928,way/31587283
11/4/2015,13:33:42,"35.37755900,33.55107600",31.464875,61.7755932,way/95244078
1/21/2016,10:59:03,"35.52577710,33.86868790",22.24972188,3.59601516,way/299273523
11/30/2015,9:51:41,"35.77903950,34.31198610",240.3867023,18.0849294,way/359983138
4/5/2015,17:45:12,"35.53093970,33.86874870",185.2604973,90.05301,way/201126801
8/31/2015,18:51:04,"35.55785560,33.89181460",232.0471818,61.5537936,way/302732219
6/11/2015,10:47:29,"35.55444640,33.89433990",75.15723162,34.1468892,way/212368264
5/21/2017,13:05:22,"35.91927600,34.25434100",124.33971,55.8025308,way/301191698
4/30/2018,23:13:54,"35.49549800,33.88913000",136.009136,10.0342692,way/263205162
9/24/2015,9:37:36,"35.65967230,33.88922690",271.18604,44.8033644,way/58425398
9/19/2016,19:20:57,"35.62362200,33.69659700",265.820326,66.7183356,way/26737860
5/28/2015,13:46:07,"35.62268420,33.95095000",106.280984,22.301307,way/264587591
6/7/2018,17:12:08,"35.49663000,33.84396200",285.005279,19.2821616,way/307574240
5/29/2017,8:40:08,"35.47701100,33.78393800",29.35557,36.8589744,way/23901684
12/18/2015,10:35:16,"35.53904640,33.85884210",197.372397,0.059294516,way/28546048
5/24/2015,12:33:50,"35.47092330,33.41659730",158.7586848,93.044304,way/94962598
2/19/2016,21:38:35,"35.61649520,33.97680130",45.77821473,67.0802004,way/205361291
2/6/2017,7:39:20,"35.49457170,33.86841000",1.93208087,18.17903268,way/178824915
7/12/2016,9:35:19,"35.54245200,33.85032900",104.87794,80.2072116,way/267187736
3/6/2016,10:23:22,"35.60132860,33.91548670",71.1088881,4.60767708,way/26513786
10/14/2015,5:31:11,"36.14598470,34.59658370",54.16429994,53.0358264,way/32039094
5/3/2017,18:53:45,"35.58300530,33.90568290",25.85926171,17.3061468,way/447394440
10/2/2017,17:49:19,"35.52074380,33.88916530",183.8845668,30.230928,way/237737306
3/23/2016,14:24:43,"35.51958920,33.85806240",283.0538894,26.6992344,way/26260005
1/19/2018,19:44:30,"35.58126800,33.91256100",18.733109,18.6170112,way/26547456
1/22/2017,14:31:54,"35.52750100,33.82363900",315.232327,27.3233448,way/27384191
5/11/2015,14:04:14,"35.61980800,33.97880100",62.118764,31.3421616,way/205361291
4/20/2017,0:31:27,"35.50889600,33.81943600",108.718585,15.5055132,way/26773612
9/25/2015,15:21:09,"35.64561470,33.92005090",108.7578532,56.79882,way/204999830
4/1/2015,14:46:04,"35.65282900,34.21275200",202.202537,19.116,way/199409542
3/19/2018,14:52:31,"35.56639270,33.89694670",39.59996354,31.2915204,way/470593003
12/14/2015,5:21:26,"35.46203500,33.60863600",54.277394,39.3123528,way/108755888
6/1/2015,20:11:07,"35.64975700,34.01882900",31.335737,39.564,way/302279829
3/6/2019,7:11:29,"35.49971010,33.81937240",32.94866391,51.5336832,way/47939257
4/17/2015,20:31:45,"35.62545600,33.96674100",323.654689,37.224,way/205362956
1/11/2016,21:23:03,"35.48816800,33.61814000",224.64214,40.311342,way/32039921
9/10/2015,9:15:45,"35.53688400,33.87859500",356.349282,4.831488,way/232169032
12/19/2016,6:27:42,"35.52573700,33.89947200",275.336579,74.0759976,way/42759441
1/18/2018,19:23:13,"35.50949700,33.89913100",121.730305,18.658188,way/33744026
7/10/2015,18:13:43,"35.58396300,33.91767400",202.601433,3.5546976,way/26442072
7/20/2015,11:17:56,"35.38719200,33.46477700",141.42228,67.3490628,way/94829077
10/21/2015,16:23:28,"35.49478300,33.87089900",186.619427,82.7223876,way/179130338
5/4/2015,11:30:53,"35.54546140,33.87704770",164.4624299,0.024509697,way/306157011
1/23/2016,19:58:09,"35.38576600,33.46604100",316.761595,81.0203256,way/94829083
9/1/2017,19:11:42,"35.39035100,33.57834300",266.43743,20.838024,way/90928903
3/26/2016,10:53:32,"35.75490670,34.11997860",40.39878866,0.225430272,way/311075597
11/24/2018,12:54:15,"35.64726960,33.95361250",90.41422427,42.3899352,way/304047443
6/3/2016,13:13:41,"35.55208800,33.88824600",55.673932,44.891262,way/270103498
9/6/2016,9:57:51,"35.60257700,33.95999600",216.431775,61.7158296,way/304043676
6/5/2017,12:39:01,"35.43158600,33.34516200",292.192508,56.2939524,way/95937548
4/5/2015,10:11:35,"35.52845970,33.69066820",56.10618742,50.96052,way/139563041
4/25/2015,7:38:06,"35.49218860,33.79551710",341.11562,36.4343112,way/26757004
8/26/2017,15:52:32,"35.81714670,33.96103830",204.7256363,70.70598,way/150238848
11/4/2016,7:53:55,"35.50669300,33.88505200",359.368486,32.6337804,way/26360497
3/1/2016,8:29:07,"35.63865900,33.98439900",238.47318,26.4241008,way/212368239
6/16/2015,13:05:02,"35.45235400,33.72173910",186.388898,92.5714656,way/47152734
6/23/2015,18:19:53,"35.57078900,33.90152900",220.748403,20.5004124,way/26547512
10/3/2016,20:15:52,"35.50872020,33.87837530",264.8704593,55.3829076,way/360355454
7/29/2016,9:01:59,"35.54970190,33.89371200",191.7764536,0.032631952,way/270100640
5/31/2018,10:04:36,"35.65466300,34.12372340",74.61825861,43.5832452,way/204833053
3/30/2017,14:22:42,"35.52671000,33.86040750",354.4463192,8.19239688,way/303506222
10/16/2016,21:31:43,"35.81910700,34.43955400",1.920801,75.0636144,way/325169820
1/9/2016,11:24:59,"35.58303440,33.91528020",26.29057554,4.08842568,way/26547456
9/17/2017,12:56:41,"35.58940510,33.91702450",241.4286019,24.2301672,way/26317237
11/23/2016,14:09:15,"35.62423880,33.98425030",291.8735822,3.62634264,way/303948091
6/2/2016,13:47:15,"35.54792460,33.89445290",284.846873,24.480936,way/211496402
8/5/2018,0:59:09,"36.22453300,34.10976800",29.437865,96.5917764,way/23919726
4/6/2015,17:14:08,"35.64164680,34.13851650",131.1991671,94.522446,way/26334461
7/5/2015,19:08:12,"35.61070600,33.97456900",38.312314,18.9611424,way/303948081
8/7/2017,20:25:04,"35.63843200,33.98400360",44.60827916,12.29334408,way/212368270
11/10/2015,10:50:52,"35.53498220,33.85550280",153.0312421,35.609652,way/270642953
12/15/2016,21:01:14,"35.57260450,33.90312070",220.8212925,50.3572896,way/26547512
9/1/2016,19:12:47,"35.61764220,33.97751330",51.24901138,15.84958932,way/205361291
1/4/2017,22:41:51,"35.54575500,33.84960200",104.33829,97.8636564,way/267187736
8/1/2015,18:18:12,"35.64714620,34.01412520",143.8146652,33.5669976,way/251916590
11/9/2017,23:09:59,"35.65181000,34.00282200",311.67317,8.628894,way/26704573
9/5/2016,7:57:06,"35.50652900,33.90027000",276.453037,32.8503924,way/33744025
2/25/2016,18:10:14,"35.58050250,33.91118810",35.94210826,45.9168516,way/26317404
4/11/2017,10:44:08,"35.84346000,34.39484400",315.031579,31.9211028,way/323610799
6/8/2015,19:56:43,"35.67803230,33.95054230",227.9824588,51.6300192,way/33913693
4/4/2015,12:12:48,"35.61685320,33.95348430",296.7410646,40.8907656,way/301537182
11/10/2018,19:22:49,"35.21638920,33.27749250",217.6435623,56.1528036,way/25627140
10/17/2018,18:54:07,"35.23278050,33.29746300",202.4303488,59.696244,way/25627140
7/7/2016,21:32:41,"35.66605400,34.24889500",204.780875,92.8079964,way/26334484
3/6/2016,17:00:25,"35.42323600,33.67854400",348.840389,93.5880948,way/32040162
7/18/2018,17:05:15,"35.56125730,33.89545900",354.5649984,2.39065776,way/302732216
10/15/2018,11:41:24,"35.56706500,33.89673600",41.79516,14.4071928,way/261287178
3/26/2015,18:02:01,"35.36844500,33.56382100",59.102217,27.288,way/32040198
10/15/2015,7:37:56,"35.47068500,33.77426700",21.680143,10.8451116,way/27114208
10/12/2016,11:39:08,"35.64432670,34.05752170",34.23645894,54.7454124,way/197464561
7/1/2018,16:21:27,"35.66377900,34.11438500",320.353928,28.8800532,way/312242268
3/10/2016,19:41:15,"35.48743700,33.87377200",254.802623,36.9290484,way/300739345
9/9/2016,15:31:32,"35.49453700,33.83754900",11.769237,83.284668,way/178472579
2/23/2017,19:57:28,"35.58121000,33.91308700",21.948638,45.576792,way/47276450
4/6/2015,19:52:23,"35.58053620,33.89161340",287.3642485,62.0499168,way/200771272
8/19/2015,19:12:59,"35.59227850,33.92671170",195.645471,12.6955944,way/26514103
8/4/2019,19:49:36,"35.73434867,33.90961494",284.2667322,44.8750908,way/631337956
4/14/2017,20:37:52,"35.65775200,33.95779100",164.32192,34.765614,way/264587641
6/24/2017,20:59:22,"35.64039500,33.98276600",210.652639,31.8628728,way/227026195
12/19/2016,15:59:04,"35.81957800,33.81060900",259.026932,44.0735904,way/303057717
6/1/2016,8:59:34,"35.57943700,33.86979200",143.144192,36.8330616,way/415421207
11/12/2016,21:39:53,"35.83927300,34.36042800",38.548935,26.8071624,way/323610799
8/15/2015,22:20:12,"35.52923900,33.87480900",154.378306,77.21181,way/200761186
1/14/2019,7:58:17,"35.53108080,33.88016770",21.11678063,61.954164,way/200761159
4/22/2015,20:05:50,"35.49506570,33.87501390",194.860588,58.7365776,way/179130339
10/18/2017,13:57:36,"35.57014600,33.83017400",295.699567,51.6474972,way/226910615
3/31/2017,23:51:46,"35.60908600,33.91970700",189.455409,47.0399868,way/26681466
5/9/2015,19:21:12,"35.49500020,33.87474270",184.34524,36.9202536,way/179130339
9/21/2015,10:16:37,"35.56162600,33.72926600",306.62543,18.082602,way/90441714
11/5/2017,12:21:14,"35.50371040,33.82488940",31.81383944,79.7301648,way/47939256
4/5/2017,7:11:00,"35.48904600,33.90135300",273.986849,26.992764,way/211496398
10/16/2015,18:50:29,"35.60847340,33.96915420",18.37893434,10.91880864,way/205362944
9/8/2016,19:28:45,"35.49564900,33.83448700",301.334035,55.3591548,way/178481869
1/22/2016,15:59:49,"35.60797090,33.96805610",137.2073872,0.097891153,way/212368259
9/12/2015,17:33:18,"35.68516170,33.96417940",342.7222972,46.2547548,way/33913693
9/19/2016,10:05:05,"35.50323200,33.89406900",28.467399,18.0797364,way/34378011
7/6/2015,16:16:25,"35.56903390,33.89949410",40.42760672,51.021558,way/200723968
6/9/2018,20:08:52,"35.69446400,33.71557800",225.785669,41.5159848,way/26399432
7/30/2015,23:49:53,"35.53573200,33.88118800",297.449053,24.8928228,way/31313266
5/13/2016,0:02:07,"35.59720100,33.91942900",139.18405,21.755124,way/26513863
9/10/2017,15:36:28,"35.49959200,33.81941100",27.591094,68.8080384,way/47939257
3/2/2017,19:24:11,"35.55916700,33.85083400",345.756103,56.2681044,way/261282281
2/6/2016,12:50:10,"35.54029900,33.86385000",200.66136,27.2570688,way/26657053
7/29/2016,14:34:14,"35.65424410,34.01019860",28.28246366,3.30567498,way/227026194
10/26/2016,20:30:05,"35.49352900,33.84921400",177.869035,93.5882928,way/178472579
1/8/2016,13:48:32,"35.64734500,34.00066300",23.708147,70.2336096,way/205367833
6/6/2015,8:48:08,"35.48054200,33.89063200",136.052764,37.9560744,way/33820629
4/7/2017,13:28:06,"35.54843800,33.84905700",287.636131,75.3188112,way/442746581
10/13/2016,15:50:27,"35.37604600,33.55847300",229.52543,15.4586952,way/42402432
6/6/2019,10:14:45,"35.92629800,34.33536600",137.591553,68.2782156,way/85863430
8/5/2018,16:05:17,"35.66177500,34.23807300",217.562363,85.4099388,way/185231272
4/26/2018,1:46:12,"35.58687090,33.90636230",196.2362383,34.2952776,way/454051805
8/15/2016,17:51:18,"35.72405400,34.08927600",247.597942,66.6300204,way/26778451
8/30/2015,16:07:24,"35.50773600,33.83345700",70.523857,16.7788152,way/26959157
12/14/2015,21:11:22,"35.59253800,33.95001300",177.498901,70.3258056,way/212368273
6/1/2019,19:20:34,"35.64640900,33.80772500",286.212153,89.9503272,way/51363431
5/11/2017,9:35:23,"35.62748600,34.03167800",144.746481,43.1478324,way/27002539
3/12/2017,18:15:09,"35.56118300,33.78999400",39.296477,46.3601556,way/303381579
4/17/2015,12:10:38,"35.89914400,33.84199700",295.110953,60.012,way/301892732
8/5/2017,11:04:18,"35.63136440,34.04161880",33.84517056,62.0145828,way/197464561
4/11/2017,7:24:16,"35.60736400,33.96723500",208.265501,33.5455416,way/423392640
1/1/2018,15:10:08,"35.56422700,33.89627400",257.686462,61.164252,way/200726458
2/4/2016,14:58:13,"35.59916100,33.95629100",79.812469,51.7312836,way/212368259
3/31/2015,13:57:37,"36.02530120,33.87789930",45.10865377,101.4268392,way/97828978
1/17/2016,17:09:06,"35.86592070,34.35080430",84.23386755,59.851764,way/206640277
6/19/2016,9:07:00,"36.05624720,34.19912750",187.6487597,61.73739,way/25486344
6/4/2015,8:44:59,"35.44471200,33.59664700",277.511398,57.0892356,way/108755888
8/10/2016,17:03:19,"35.69111500,33.99057300",43.861391,34.5265416,way/32037657
5/13/2016,10:35:02,"35.64466800,34.05847700",30.232196,91.8343728,way/197464561
2/3/2017,10:17:17,"35.59834610,33.93490900",270.0250458,47.9121336,way/26434293
6/14/2017,13:59:55,"35.40614400,33.56116100",32.87445,17.0966376,way/451964851
2/4/2019,10:48:50,"35.50864700,33.84963800",259.092187,64.9084428,way/385589943
11/18/2015,16:16:51,"35.40578050,33.64857050",71.95690481,104.3420184,way/32040167
3/3/2016,0:35:49,"35.65108800,34.12453500",286.349726,35.8092,way/199414258
11/9/2018,11:21:48,"35.38377100,33.55510400",194.899866,41.9786964,way/95253394
4/3/2016,15:05:09,"35.49093450,33.88073850",200.762538,0.544428288,way/262256295
3/1/2016,8:34:58,"35.64161000,33.98855660",136.3241551,3.68075088,way/251916594
4/18/2016,21:05:03,"35.55644500,33.85147300",164.312099,54.926838,way/267657642
9/21/2016,7:11:14,"35.61883400,33.83678700",233.80685,32.169042,way/313102563
11/10/2016,23:31:02,"35.58968700,33.93620700",192.405043,101.8350216,way/212368273
1/2/2018,17:36:17,"35.83564400,34.43326300",200.87969,32.5546812,way/331193328
7/3/2017,10:16:49,"35.45232800,33.74844770",353.6349996,85.812354,way/27114208
11/20/2015,8:33:01,"35.42461870,33.69229290",28.77928241,102.9099312,way/23901707
9/14/2015,7:14:53,"35.60747300,33.96240200",339.908574,14.4818352,way/205362963
5/16/2018,23:37:31,"35.62105020,33.89114250",264.3213206,46.4774346,way/454039864
8/3/2017,20:06:00,"35.64601670,34.13432260",337.4235861,50.872878,way/199414258
4/16/2015,11:10:01,"35.80710970,34.00069270",295.1821507,62.1581796,way/220593301
3/15/2016,0:25:46,"35.54736100,33.88539500",77.248678,75.3885972,way/261333218
11/7/2018,20:04:47,"35.59465500,33.93165600",108.42723,36.6065604,way/26310234
8/9/2015,12:33:23,"35.37495790,33.56473740",218.7309719,14.30843652,way/26709170
6/10/2018,9:58:33,"35.56346300,33.89496100",54.120258,44.3491668,way/302732218
2/4/2016,9:17:24,"35.54052670,33.86446530",148.3318385,3.36189132,way/29001856
12/31/2015,1:05:49,"35.60536220,33.96362680",202.7862641,50.559732,way/26586371
5/20/2015,15:36:26,"35.48281230,33.89545510",63.20276098,11.86027236,way/285893763
8/27/2019,6:06:42,"35.60157595,33.95856909",217.9945686,82.9649448,way/584876861
5/10/2015,19:59:43,"35.64515600,34.06924100",28.002895,49.572,way/26778451
2/27/2016,23:24:39,"35.60594650,33.94775920",153.454886,32.8582404,way/33691898
8/21/2019,15:41:58,"35.59187700,33.92550100",358.574545,41.404302,way/449592607
2/23/2017,16:35:00,"35.52961400,33.89895700",272.339054,84.7730016,way/26491495
7/23/2019,20:42:39,"35.51591900,33.84670700",13.261794,27.0998748,way/364040262
1/1/2016,17:11:06,"35.56010600,33.89237200",97.665961,44.67006,way/306480519
8/30/2019,8:54:23,"35.62369900,33.92472200",217.054227,41.6931912,way/226714194
9/30/2015,10:24:52,"35.51514650,33.89654110",98.92511273,34.0931808,way/201251098
2/20/2016,13:11:39,"35.78455900,33.89101900",8.318766,38.3572764,way/262446182
9/12/2016,16:13:30,"35.60583700,33.88965800",336.160677,92.9881296,way/201180047
10/2/2015,20:49:11,"35.60538570,33.89910970",87.09600982,33.88833,way/200771287
5/18/2015,18:50:45,"35.59178770,33.94420650",196.3311106,89.4144024,way/212368273
1/7/2016,19:54:05,"35.49028600,33.38994400",170.376281,28.9707588,way/108476221
10/9/2019,16:54:10,"35.40224800,33.62349700",356.42494,79.1987148,way/32039956
2/5/2016,13:12:59,"35.58118280,33.68538430",51.73197519,1.9920492,way/48178937
5/1/2015,22:20:53,"35.54793760,33.89439380",287.6570365,64.6936056,way/200611927
4/2/2017,12:43:18,"35.55071500,33.89374700",93.755743,62.4459384,way/200611929
11/29/2015,20:00:55,"35.59207000,33.91473200",115.947857,28.5311448,way/33692852
6/21/2015,7:59:02,"35.57977120,33.90376210",24.4928957,32.7959424,way/47281159
8/27/2015,19:09:14,"35.58697100,33.92886900",15.461261,68.5597536,way/304003720
1/20/2017,20:45:44,"35.58208920,33.91367170",332.4767946,0.036022036,way/26547456
9/14/2019,20:28:37,"35.55167700,33.84937100",253.26596,67.5887976,way/673842600
5/4/2016,23:14:02,"35.95386500,34.24498700",61.096884,26.0178372,way/301191698
8/22/2019,15:47:16,"35.60578700,33.96767300",4.797553,29.6622,way/303948081
7/29/2018,19:08:57,"35.54329550,33.32996961",18.3729413,46.1645784,way/94014307
12/29/2015,18:48:19,"35.90068300,33.84396700",90.258935,35.1508752,way/301892728
10/19/2015,16:19:52,"35.65385000,34.11049700",128.817375,18.3445416,way/312242266
10/4/2015,18:00:34,"35.53995640,33.89630070",103.3861577,53.93529,way/200611932
7/30/2019,8:20:08,"35.51939979,33.88091422",210.1371684,31.9168584,way/447684095
11/10/2016,18:29:15,"35.63685700,33.98263900",46.07122,21.7503648,way/212368270
6/21/2018,13:12:55,"35.48933700,33.89964800",197.897425,21.7969308,way/481217976
3/7/2016,19:59:52,"35.53246700,33.89817390",106.3735375,73.7067456,way/26547523
12/31/2018,11:41:07,"35.53131293,33.88685569",2.370755366,3.99855132,way/486394141
2/3/2016,16:42:43,"35.64403480,33.99319120",201.9169879,37.9286064,way/251916594
4/19/2015,13:48:49,"35.57235100,33.90235300",47.131411,68.3678088,way/200723968
10/18/2016,8:32:20,"35.60721400,33.96662300",22.699386,65.4685524,way/212368259
8/13/2015,6:51:42,"35.65206790,34.08824690",176.9371148,100.6587972,way/26359052
11/2/2015,8:48:39,"35.50587990,33.87673780",329.2414915,0.954748512,way/200915582
9/29/2015,7:27:57,"35.49502800,33.87492000",181.108829,76.892274,way/26306436
8/2/2015,17:04:08,"35.64009060,33.99326910",183.7179361,1.128683628,way/251917189
11/28/2015,7:00:30,"35.81995500,33.81078700",84.945054,50.70222,way/178700856
11/28/2017,1:03:20,"35.55017300,33.84888900",245.684555,73.43982,way/26551745
1/15/2018,8:59:46,"35.48885070,33.84520420",282.1556471,18.69788772,way/5108220
2/8/2017,21:19:03,"35.55557300,33.89027600",52.60283,46.4317416,way/261104483
6/30/2017,21:01:55,"35.68623720,33.96108720",36.37863163,37.0989486,way/33913693
5/29/2017,16:08:35,"35.80581400,34.29893300",255.879663,56.800944,way/287470432
11/18/2015,11:31:54,"35.67147850,34.26683580",237.1940429,74.822382,way/26334402
9/21/2015,11:44:54,"35.54341100,33.83167300",197.055312,27.7252704,way/28544302
3/24/2016,12:18:16,"35.46478500,33.42604600",112.036741,87.5610612,way/94962598
11/6/2018,9:36:16,"35.47385120,33.90107070",59.21783274,33.1762176,way/169254481
12/1/2016,12:18:51,"35.50568100,33.80431300",279.396923,20.4253128,way/26796492
2/21/2017,19:00:28,"35.64879000,34.00461300",2.411162,39.1016268,way/304207632
11/3/2018,17:59:15,"35.62279000,33.81322300",217.918151,56.3666148,way/262514763
4/2/2016,16:50:52,"35.63293800,34.02048200",336.239231,77.1305868,way/197464563
1/7/2017,10:37:45,"35.66346230,33.95612510",332.8243343,39.0764088,way/304047443
4/23/2015,6:10:00,"35.60791700,33.96812400",23.979552,65.34,way/212368259
9/6/2015,17:04:05,"35.57684960,33.90692840",50.02462424,2.249923824,way/26547485
9/10/2018,9:06:07,"35.60799300,33.86983300",251.651325,24.6778776,way/531732236
5/24/2016,8:42:34,"35.51996760,33.85781800",331.4085585,1.251069408,way/237742378
1/18/2016,8:39:59,"35.54439690,33.89518600",111.0663795,33.9038748,way/26491500
12/13/2017,16:33:04,"35.22078400,33.26875100",113.378666,38.515374,way/109584616
12/18/2015,8:20:12,"35.63421700,34.15382300",2.948746,95.0773392,way/183027606
11/21/2017,20:47:11,"35.58131800,33.91324100",31.944882,55.9685556,way/26547456
5/22/2016,11:38:55,"35.55803000,33.69604200",337.352173,4.3235388,way/32039640
12/3/2018,19:15:40,"35.58131500,33.91248300",34.103421,50.0105232,way/26547456
11/19/2015,14:03:55,"35.78716750,34.01406530",79.43066273,47.6946864,way/26576009
3/5/2018,21:44:27,"35.57855000,33.82636300",108.119794,44.7110712,way/289738330
8/26/2017,18:17:17,"35.80607100,34.00099900",103.959387,54.8894376,way/220593301
6/9/2017,6:49:13,"35.57928680,33.90974440",37.91904483,74.619036,way/27251675
12/29/2015,10:48:18,"35.56010840,33.88535680",67.72024593,0.704922624,way/301095721
7/11/2017,19:26:49,"35.49249790,33.79455830",304.7553679,0.653751792,way/26757004
12/12/2016,6:35:52,"35.57073030,33.89522520",300.0360451,43.8621426,way/237739169
10/22/2016,18:40:23,"35.62258700,33.97914300",102.328957,29.6078076,way/205361290
10/17/2015,17:18:16,"35.57292420,33.90352480",220.8220149,64.633284,way/26547512
5/4/2015,16:45:37,"35.75375200,33.91367100",257.301697,52.704,way/26726609
3/28/2016,13:11:55,"35.56211100,33.89443800",191.859776,5.1611616,way/200723966
6/29/2015,21:37:42,"35.49296900,33.90270900",248.773861,36.8983332,way/33922253
6/28/2018,7:19:40,"35.55990500,33.89815100",249.490238,49.116366,way/26316545
1/14/2017,19:27:04,"35.64041900,33.98640500",156.294428,4.3941276,way/205367834
2/24/2017,9:22:47,"35.63673680,33.95339580",63.50119477,49.70637,way/264587647
4/23/2016,12:29:29,"35.66772010,34.26075660",191.6285565,99.0853776,way/26334402
11/2/2016,7:35:57,"35.53461670,33.89029670",274.1198898,3.77946432,way/270104118
12/2/2015,17:18:36,"35.63192160,34.02270450",344.9472998,61.915662,way/197464561
9/11/2019,12:35:25,"35.52439100,33.88051400",62.772415,51.0686568,way/211496389
4/14/2015,10:11:24,"35.63201560,34.02233050",342.7554056,69.9802884,way/197464561
2/25/2019,18:09:47,"35.62129300,33.96877700",183.265827,26.9042868,way/300758265
6/27/2018,10:07:04,"35.66227650,34.25345610",344.8975001,0.275748732,way/452325112
7/3/2017,8:25:04,"35.61774000,33.95279500",276.982296,25.3447344,way/301537182
4/29/2016,21:10:02,"35.53078350,33.86613020",290.0741449,32.8253544,way/261576717
9/23/2016,11:35:47,"35.57686000,33.90725900",28.824016,36.5478624,way/47276450
6/27/2016,11:18:40,"35.60724100,33.95661900",221.324337,0.280962,way/304098973
8/7/2018,8:09:45,"35.68973200,33.97177900",232.057283,67.1584896,way/452534104
2/12/2016,15:47:36,"35.47061000,33.89695200",338.335669,21.2010228,way/33823934
5/13/2015,13:10:02,"35.63883750,33.98451910",222.6700332,24.387264,way/212368239
1/9/2017,7:36:40,"35.62775090,33.89058090",171.1665051,56.2996692,way/454039864
5/29/2016,11:06:11,"35.54207200,33.87028100",342.411872,60.198012,way/294957895
4/20/2016,7:47:31,"35.27541140,33.39356660",10.62242005,93.0631608,way/205358576
9/23/2018,13:58:39,"35.55287430,33.81709690",30.17041817,24.97984092,way/28545154
5/29/2016,19:24:08,"35.52760620,33.82270010",96.499875,1.09481796,way/26796491
1/5/2016,17:16:23,"35.51739740,33.89669890",270.585758,52.1014536,way/201251101
8/18/2015,0:11:06,"35.57396900,33.88039400",62.905818,28.3316652,way/200611940
6/14/2016,12:31:22,"35.49318690,33.86755240",256.0321414,14.06236284,way/5107708
7/8/2015,14:49:03,"35.56718100,33.86907400",97.645079,32.904,way/232349893
3/26/2015,23:50:14,"35.47498500,33.89161300",348.755809,18.864,way/33819663
8/27/2018,14:37:48,"35.66716300,33.95206600",199.343105,40.2333408,way/33913693
2/15/2016,14:58:51,"35.49311900,33.89902400",257.809972,33.3108972,way/33919638
8/4/2017,17:29:02,"35.35467500,33.37918700",323.159687,49.3667964,way/26392040
9/2/2018,21:59:32,"35.68090600,33.95418190",194.7741781,48.8682612,way/33913693
4/12/2015,19:42:34,"35.49126310,33.54210130",55.83847239,58.868712,way/95565713
10/29/2016,13:12:44,"35.64679250,33.95365440",271.7418641,27.58572,way/304047443
12/7/2017,19:35:58,"35.48775820,33.89947950",264.0117879,10.79405784,way/481217976
11/28/2015,22:08:32,"35.56310190,33.89489440",234.5612766,56.9850678,way/200723966
6/15/2019,20:03:05,"35.92514000,34.31086500",197.510284,51.1077204,way/32038814
7/28/2017,18:00:11,"35.54793500,33.85451500",351.973641,2.8064772,way/442742395
6/9/2017,11:39:06,"35.54625300,33.84239200",357.969928,33.4021464,way/29001459
8/18/2019,9:41:40,"35.58579260,33.92508190",12.1009565,62.2304748,way/304003720
10/27/2015,7:08:23,"35.53167900,33.86194000",317.286796,22.01076,way/299273649
2/17/2017,12:00:00,"35.59279300,33.95063270",359.4558638,95.8876632,way/435299549
3/20/2018,22:51:55,"35.75384000,34.36725100",18.856583,100.4974776,way/443965455
4/27/2019,19:43:28,"35.86007600,33.81587700",252.725968,34.1094924,way/390008314
9/19/2017,21:57:29,"35.50438500,33.88073170",16.41971589,9.0251784,way/26798262
2/18/2016,18:19:40,"35.60709860,33.96624820",348.8334616,18.3486384,way/205362944
11/24/2015,11:10:00,"35.48281200,33.69582100",287.195161,61.4582604,way/44485402
1/1/2017,19:21:13,"36.08301600,34.56275200",198.189473,31.0783176,way/110945236
7/15/2015,9:02:32,"35.47530800,33.88590900",290.525436,17.8402464,way/33823934
4/13/2016,20:20:26,"35.50692280,33.88344250",220.0105324,27.1676412,way/26389610
9/16/2015,23:13:52,"35.60245500,33.92039600",61.227475,22.8580992,way/27639713
8/30/2015,9:20:03,"35.63687970,34.18879770",10.39539865,93.3061212,way/185231271
4/26/2016,17:22:54,"35.58500870,33.91961550",199.7377663,0.669496212,way/26547451
7/13/2016,20:31:09,"35.55438830,33.89458230",97.88157988,2.03841936,way/212368264
2/28/2017,16:56:22,"35.51079600,33.89245800",277.041673,40.9271364,way/261538368
6/13/2019,20:56:37,"35.64899000,34.00590900",10.766879,59.242032,way/584882000
4/29/2018,21:54:00,"35.66683070,33.88900040",111.4253569,39.5539128,way/302989295
9/11/2017,13:42:27,"35.40252000,33.63425330",4.527048886,105.0753312,way/49908098
1/6/2017,20:05:32,"35.68196200,33.92245100",173.918015,27.8518572,way/410101621
6/21/2019,8:50:52,"35.52960090,33.89898800",282.1128894,38.2109436,way/237737320
5/22/2017,19:32:01,"35.51262320,33.78472800",131.7503739,42.2814132,way/26726359
12/29/2016,11:04:59,"35.46973100,33.89280700",245.341202,43.7537484,way/33918942
10/25/2018,16:01:17,"35.82091600,34.41271600",333.045785,16.6819716,way/325162770
10/13/2019,12:22:39,"35.91068600,33.83929000",40.042678,24.674886,way/301882504
7/3/2015,0:37:36,"35.61059730,33.97240650",29.750874,83.015442,way/212368259
9/12/2015,10:41:30,"35.80961200,34.45486900",231.132236,19.4930748,way/93570679
3/18/2017,13:35:21,"35.49904150,33.84604480",12.99923037,27.40281372,way/307574241
3/1/2018,22:55:23,"35.53716000,33.89853900",199.524392,24.5522196,way/360375080
8/24/2018,9:54:29,"35.64119600,33.98775000",209.536246,27.5892696,way/197488681
6/9/2019,17:08:47,"35.51120960,33.89723530",286.5435804,44.7580674,way/479877016
2/13/2017,17:27:28,"35.58698700,33.92668600",194.811538,27.0252864,way/26547451
9/28/2018,21:00:19,"35.88431100,33.82519300",58.014631,34.207056,way/301808404
9/23/2015,14:29:32,"35.59051840,33.94293970",8.810912583,20.0501208,way/304003721
6/21/2018,18:53:33,"35.60377150,33.96083240",208.2836826,86.980392,way/453792992
8/16/2018,14:08:07,"35.56164800,33.89580400",78.861443,21.0651264,way/530547741
3/21/2017,15:29:46,"35.68546600,33.96345800",186.663773,65.9806596,way/33913693
6/26/2016,11:04:59,"35.65609020,34.22805060",175.6558683,32.881122,way/26933425
10/7/2015,14:38:57,"35.53896940,33.86085000",137.2295702,34.346196,way/26657037
12/5/2017,15:01:39,"35.64113800,33.98750900",20.949524,32.03802,way/212368241
12/12/2017,12:46:11,"35.63049200,33.92795300",223.842705,34.778268,way/26307178
6/21/2018,14:07:54,"35.65064250,34.08421240",199.5707809,87.4674648,way/251916585
8/6/2017,18:53:58,"35.60877670,33.88811740",243.6455503,75.4998192,way/200771274
2/7/2017,17:24:58,"35.61431100,33.89698300",91.017272,31.5741816,way/278986144
8/11/2015,12:23:09,"35.54997700,33.87823300",77.321988,16.524,way/26684798
12/23/2015,9:55:32,"35.59392500,33.91584590",240.8806305,3.75297084,way/33692852
6/1/2017,14:03:43,"35.56893900,33.88542500",54.265985,27.5933088,way/301095716
7/29/2019,17:23:31,"35.64226100,33.98991800",202.721613,27.578628,way/587734253
7/1/2017,15:58:46,"35.51328500,33.76767700",348.173597,41.5291968,way/144489222
8/24/2016,18:06:32,"35.79017600,33.80560100",48.699829,8.4973932,way/178700856
11/13/2016,10:48:20,"35.55487900,33.89439200",74.417372,77.7448188,way/212368264
9/19/2016,5:16:57,"35.53925030,33.85122520",284.2803114,73.6428492,way/26551745
4/11/2017,21:20:27,"35.63990000,34.01665900",268.477297,75.2780952,way/47156740
2/8/2017,13:08:03,"35.63323900,34.17564300",203.143396,83.9106432,way/183027605
3/31/2016,11:24:32,"35.54437500,33.82743000",199.981822,15.4873152,way/28544304
8/2/2018,8:51:24,"35.62008900,33.89091500",82.745421,82.6111872,way/200771274
4/10/2015,11:36:05,"35.64927990,34.00753770",29.03912929,0.107848487,way/304207633
11/25/2017,10:45:08,"35.50647100,33.76961800",138.067186,55.4601888,way/453410211
4/28/2016,14:08:39,"36.20699600,34.00896100",295.699592,20.3937012,way/170956501
11/25/2017,8:58:19,"35.64006530,33.95439380",285.2034612,7.0596504,way/481996246
7/4/2015,10:03:54,"35.53506200,33.85565400",322.781888,52.5145932,way/26551745
6/18/2019,14:58:24,"35.49194700,33.80953200",207.409098,61.792452,way/178408787
6/19/2015,15:58:06,"35.40371440,33.61703430",334.1807282,78.35238,way/32040175
4/6/2018,12:51:25,"35.59828980,33.93496850",273.9753801,34.0805088,way/26434293
1/29/2016,11:25:48,"35.54210400,33.88215200",223.660686,50.6749752,way/261333219
10/22/2017,10:03:56,"35.60242200,33.95931170",39.26127208,76.4403984,way/304043675
7/12/2019,18:40:03,"35.69960000,34.02507300",88.522939,29.3737464,way/302199235
11/7/2015,16:51:47,"35.41618100,33.65053900",250.80726,94.634316,way/32040164
10/5/2015,18:02:50,"35.60794540,33.89976740",81.43326828,11.8499724,way/278986144
2/15/2019,17:08:43,"35.71289500,34.30446400",76.84484,85.408362,way/26394069
4/7/2015,15:41:50,"35.58707690,33.90167050",308.027279,34.7265864,way/200771315
7/3/2016,10:28:26,"35.57288000,33.90320700",35.710999,70.5070872,way/200723968
10/5/2015,9:31:12,"35.54682400,33.84311300",112.857103,42.9990876,way/29001459
2/19/2019,9:37:00,"35.53412300,33.89796900",283.706699,35.5890708,way/237737320
7/21/2015,21:08:56,"35.73132500,33.92800400",146.732291,40.3428492,way/26693346
12/5/2017,12:36:15,"35.63452200,33.81221500",286.056122,55.0497564,way/452088708
8/13/2016,16:31:41,"35.69864200,33.95813900",108.507457,57.7644588,way/31587495
1/18/2016,11:07:51,"35.49378140,33.84870610",357.4990945,86.2076304,way/178472579
9/21/2015,13:31:53,"35.66655320,33.95260410",82.41942204,46.2383856,way/33913693
7/29/2018,10:56:19,"35.62593000,33.77643200",168.472859,50.341428,way/316255141
5/30/2017,2:26:51,"36.20358700,34.07121300",33.492424,67.1372244,way/301459575
8/22/2017,20:35:45,"35.58784400,33.92948500",247.613329,79.8964236,way/212368273
5/17/2019,17:45:42,"35.61784900,33.92465000",91.528214,32.3905104,way/26307484
9/12/2015,20:52:34,"35.43892200,33.61956400",292.178936,50.335866,way/32039932
11/20/2015,16:05:31,"35.53356200,33.85957000",173.639216,10.930878,way/327461029
3/4/2016,15:31:07,"35.63986300,34.05431200",215.082779,80.3959092,way/26334457
7/6/2015,20:02:49,"35.58314800,33.83159300",149.516305,15.1785324,way/269319561
5/21/2015,21:20:41,"35.62250550,33.97925110",286.0281486,63.7487388,way/212368251
7/26/2018,12:53:46,"35.62248115,33.95115137",280.024196,43.456716,way/264587657
4/20/2017,12:40:35,"35.64905400,34.00657000",192.827802,38.7856476,way/251916587
7/29/2018,17:18:25,"35.55080500,33.89372400",93.879347,73.1484504,way/200611929
1/17/2016,13:33:25,"35.50290600,33.89536700",112.04268,20.560968,way/5051805
8/24/2015,17:56:16,"35.57541100,33.89259000",187.539473,17.3198916,way/26489698
4/29/2019,13:14:40,"35.69530500,34.12454900",115.416432,53.3532096,way/204833053
10/16/2015,22:42:38,"35.53812370,33.85185460",291.1340254,58.5356652,way/27102338
9/4/2018,11:10:30,"35.83331200,34.42751800",201.617024,2.5965216,way/26964599
8/17/2018,16:14:18,"35.49421400,33.84124500",346.403137,86.574456,way/453857308
4/27/2015,15:51:59,"35.59193780,33.90670130",218.329349,31.8976776,way/200771289
4/27/2015,21:32:06,"35.84596080,34.32370540",165.1078686,50.6917872,way/323610799
12/28/2016,17:40:09,"35.61205800,33.96174900",31.30643,2.6028288,way/300758214
7/23/2015,23:30:23,"35.48511210,33.84597620",182.6850524,29.4422796,way/178793671
9/11/2018,11:28:31,"35.29999400,33.33472200",47.191636,30.6582876,way/323258109
7/9/2015,14:44:16,"35.42369630,33.67715220",160.6286499,98.8459236,way/32040159
4/17/2016,18:07:40,"35.82389300,34.42084500",277.814042,31.1780268,way/324851792
9/2/2015,15:53:00,"35.58426400,33.91788600",21.705707,46.0308456,way/26442072
6/6/2019,11:59:51,"35.60438900,33.96124200",33.65121,49.5986256,way/212368259
6/4/2015,9:52:58,"35.48613200,33.89034760",261.8475455,1.524544416,way/200175805
3/6/2019,9:05:54,"35.55603400,33.89057300",57.595097,48.908502,way/634359357
8/8/2015,20:22:33,"35.61495630,33.96238130",317.138071,8.89095456,way/300758214
12/13/2015,8:32:20,"35.90738470,34.46416440",243.7990024,70.863696,way/108254461
8/14/2015,18:46:09,"35.65666000,33.92057400",87.091199,10.2958704,way/204999830
6/22/2016,9:57:02,"35.58110400,33.91253400",202.995336,15.7394304,way/200727720
11/20/2016,13:01:18,"35.63367650,34.01932020",317.7433904,88.355232,way/197464564
4/18/2015,21:19:51,"35.56308410,33.89609710",240.430755,52.9064316,way/285890980
4/7/2015,18:59:51,"35.36819200,33.56383400",254.156016,10.3272192,way/211488326
5/17/2017,7:47:50,"35.66795600,33.91791100",255.588954,61.0714584,way/204999830
9/17/2016,15:29:11,"35.59614800,33.89337800",235.637908,89.8075116,way/200771272
11/15/2016,12:35:27,"35.57361000,33.90424400",230.944605,68.8833036,way/26547512
11/19/2016,18:45:35,"35.51304900,33.85622400",83.93319,2.260512,way/318119038
12/14/2015,18:02:30,"35.46616000,33.60084100",125.755394,50.0385492,way/108755235
3/5/2016,12:19:12,"35.65793030,33.98344140",223.5610376,30.141234,way/272741441
8/30/2016,18:47:16,"35.69099700,34.09189300",190.188712,2.3931864,way/26778451
7/2/2017,23:04:43,"35.61749800,33.97313000",180.985647,37.4703984,way/453554075
7/24/2015,0:43:30,"35.48635700,33.87694100",0.877536,49.644,way/178823388
7/14/2016,0:56:42,"35.55999300,33.85829330",129.1782918,58.445514,way/261074932
9/29/2016,17:54:56,"35.52462070,33.86893960",259.4454999,8.85880008,way/201126865
5/10/2015,20:06:21,"35.61726600,33.96332000",115.697177,11.592,way/300758214
7/6/2015,18:19:14,"35.42121940,33.43518010",256.6088041,3.47214384,way/94963655
7/18/2016,19:28:51,"35.62005800,33.97823300",58.673436,39.5070372,way/423383968
9/23/2017,12:58:13,"35.54321800,33.86252800",87.648246,41.7680496,way/263985315
5/29/2018,6:15:41,"35.58097684,33.91239398",208.3592354,25.2124416,way/47276450
7/14/2015,15:55:45,"35.58999440,33.93655350",217.5993658,0.88403994,way/212368273
7/19/2017,6:22:01,"35.49352400,33.84926300",178.138447,82.5189912,way/27101527
1/31/2016,0:37:40,"35.48790200,33.88140100",102.03516,50.8249872,way/262256298
2/8/2016,10:35:55,"35.53393200,33.89781300",118.022707,12.5691156,way/26547523
5/19/2017,21:57:02,"35.55751500,33.81379300",69.471498,39.6718884,way/302538238
6/13/2019,21:31:04,"35.61700600,33.97709800",51.11184,65.8632636,way/205361291
2/20/2016,11:59:23,"35.67097400,34.26647900",240.25733,111.3325992,way/26334402
11/20/2016,14:48:46,"35.64633700,34.00630900",88.550906,22.6972512,way/303919212
12/20/2015,16:13:01,"35.51042410,33.89759050",288.0181125,8.9563428,way/26490979
12/5/2015,12:37:04,"35.54936070,33.88233890",165.149356,0.89553762,way/317684485
1/29/2016,21:08:35,"35.63360180,33.98003440",43.75965354,35.6027328,way/300742192
8/3/2015,21:00:36,"35.49346600,33.90269300",285.751899,39.1364748,way/118943900
10/16/2015,7:13:38,"35.61534000,33.93334900",297.600738,27.4658148,way/26307224
4/16/2018,18:26:52,"35.54722600,33.84616000",199.304254,28.8808524,way/442750476
7/29/2015,21:35:24,"35.65200200,34.12334800",356.21648,41.5927584,way/251917184
10/6/2015,15:34:58,"35.83123800,34.38881000",68.57512629,0.295208914,way/32039071
5/11/2018,20:18:28,"35.63218020,33.96120580",231.9217362,2.039526828,way/423383960
10/29/2016,8:39:23,"35.60301900,33.91797900",91.291443,74.504052,way/442569312
6/10/2015,18:17:57,"35.61108800,33.94140700",102.387494,50.0951916,way/26490491
3/26/2019,12:01:19,"35.63668330,34.19369280",200.2375723,71.0339508,way/199410935
11/22/2016,19:01:11,"35.58246300,33.91448500",26.914768,28.3638276,way/26547456
3/13/2017,15:27:21,"35.56236400,33.89435600",51.837364,30.9783744,way/302732218
8/21/2015,17:04:24,"35.53968500,33.89649600",113.134101,23.273136,way/200611932
9/13/2016,2:12:19,"35.65178740,34.12083270",358.366724,61.05816,way/199414250
10/19/2015,10:19:40,"35.49261400,33.79435100",342.877762,12.4476588,way/26757004
2/11/2017,13:20:35,"35.54448400,33.84962500",144.010307,29.1723876,way/267187736
1/24/2018,15:04:21,"35.53522500,33.89284600",23.121306,29.5541136,way/200761146
1/10/2016,17:46:50,"35.68576500,33.96230300",171.565661,37.6165044,way/33913693
8/17/2015,7:05:52,"35.50933500,33.89246600",274.379927,47.9626452,way/26489579
7/28/2017,20:09:00,"35.67835100,33.96287200",146.013269,40.7520144,way/26996812
7/7/2015,13:16:33,"35.57343210,33.90416140",220.5506579,22.2915024,way/26547512
4/26/2015,18:03:49,"35.42449460,33.68643170",354.8431394,77.952636,way/32040162
7/3/2018,11:34:03,"35.64756200,34.07600100",219.730571,108.1284516,way/251916585
6/13/2019,20:22:46,"35.52783300,33.84943400",176.671799,49.8171312,way/373743977
9/11/2017,15:56:53,"35.37401790,33.56605570",125.9702672,16.575876,way/361128934
4/1/2018,15:44:16,"35.46936120,33.77357870",22.44861074,42.6860496,way/26796513
5/16/2019,23:46:50,"35.55890300,33.88944600",272.38694,19.4454576,way/448267474
6/22/2017,22:28:18,"35.52475670,33.87311330",342.0409289,110.1879828,way/201126848
1/6/2016,11:30:59,"35.55103700,33.89377100",263.808997,61.591518,way/270786438
9/5/2015,22:02:02,"35.55772390,33.84266020",147.2679527,84.772404,way/31587086
12/15/2016,17:34:13,"35.63908000,33.98464400",42.203979,48.3192936,way/212368243
6/11/2015,21:08:46,"35.64458250,33.99427820",191.2510858,77.2656732,way/251916594
1/6/2019,15:32:00,"35.64661100,33.95363200",92.233507,45.2511504,way/304047443
10/21/2016,14:22:07,"35.57412700,33.90480900",224.915041,63.2978892,way/26547512
9/23/2015,14:30:21,"35.55962200,33.85976900",200.7921,34.889562,way/26728434
2/24/2018,9:39:37,"35.96752600,34.50931100",222.563505,37.0455156,way/26964584
5/12/2016,21:02:37,"35.58899000,33.93162200",22.030467,69.1578936,way/26547446
8/6/2015,18:00:57,"35.49713400,33.81638600",218.304976,55.4577624,way/178408787
9/25/2019,12:52:28,"35.66662500,33.91776200",255.181301,55.2685248,way/714436962
2/6/2017,17:48:07,"35.66555390,34.24770850",8.275540676,109.3952304,way/26933486
10/22/2018,11:06:08,"35.55398100,33.89416400",97.495811,21.5361036,way/211496393
3/27/2016,17:48:54,"35.64809550,34.00295060",195.356592,59.30442,way/251916594
12/19/2016,8:36:16,"35.48117200,33.41173900",232.327909,41.3162244,way/95661736
1/20/2016,10:31:14,"35.50720330,33.88000500",359.6748441,12.87955224,way/26360497
11/2/2018,8:59:12,"35.50403900,33.77085300",273.515988,31.388904,way/453410221
6/8/2019,22:56:58,"35.50724000,33.87094500",172.235928,16.2025164,way/481313359
9/16/2016,15:53:41,"35.79728300,34.39103300",233.717709,103.182462,way/26334532
5/25/2018,16:41:51,"35.46019400,33.76220000",43.680047,93.8555748,way/27114208
2/8/2017,21:31:12,"35.57698600,33.85437700",312.905838,59.7297564,way/26728422
7/27/2015,8:03:00,"35.64556800,34.00147900",29.845064,29.007432,way/204924078
10/13/2016,14:07:44,"35.61276700,33.97468800",219.599483,25.8176988,way/423392641
9/20/2017,8:40:59,"35.49096500,33.88976080",32.18519161,4.03875432,way/26493012
10/2/2015,7:07:57,"35.58469860,33.92195490",194.1952807,54.9804636,way/304003722
1/3/2018,22:00:22,"35.50662100,33.80482300",240.290063,86.1898536,way/26796492
11/2/2017,7:41:52,"35.48168100,33.79108900",26.149022,15.3452016,way/30733074
12/4/2015,6:44:31,"35.54173840,33.89604230",287.7637484,44.1211896,way/237737315
11/21/2016,6:51:16,"35.55783710,33.89715110",238.764813,35.4151008,way/26316545
3/16/2017,17:33:48,"35.61781200,33.98594900",277.118873,25.27767,way/303948083
4/2/2016,21:50:12,"35.61871200,33.92691000",168.375293,27.7005852,way/26333797
10/15/2015,1:08:38,"35.58398710,33.91718790",25.01455023,92.9046816,way/47276450
4/23/2016,22:32:38,"35.60212700,33.95900200",38.398906,68.220162,way/304043675
3/2/2019,18:56:22,"35.55286700,33.89385500",259.501146,27.0274428,way/200611927
12/6/2015,15:12:55,"35.45354500,33.75173000",29.986956,34.8917436,way/27114208
5/16/2018,17:06:29,"35.52263060,33.87990950",78.92251788,50.564664,way/447684090
5/8/2015,17:00:12,"35.56887670,33.89558990",116.0579702,34.9290252,way/26489865
3/10/2017,15:57:17,"35.56801700,33.89861600",215.764054,23.1851916,way/447381837
12/20/2015,14:46:55,"35.64557700,33.99651600",19.386612,46.7115912,way/251916594
12/28/2018,13:04:43,"35.64956100,34.02295300",248.878851,10.8800604,way/313985495
9/13/2016,14:05:44,"35.65212100,34.11420700",171.266585,72.446256,way/199414255
3/20/2016,11:42:21,"35.53676490,33.88375200",20.33027046,3.94941384,way/31313266
6/29/2016,19:32:59,"35.62478070,33.98206160",111.0787571,22.01626692,way/423400890
7/12/2017,17:23:52,"35.53334500,33.85771100",166.406117,27.2068056,way/26655155
3/27/2016,20:35:37,"35.64429600,34.05744700",201.742237,78.7436568,way/26779221
3/13/2017,12:48:03,"35.49905910,33.89413100",53.82878479,10.3786272,way/448290765
9/17/2015,17:14:01,"35.51530970,33.89185740",332.9520774,0.438070104,way/261538368
8/2/2017,8:24:01,"35.48242700,33.81217500",19.197787,20.9132676,way/23956813
8/31/2017,15:13:03,"35.64275000,33.99066000",24.432432,34.6726764,way/212368241
5/6/2018,1:09:28,"35.58332750,33.71784270",124.5690076,2.63903472,way/303038415
3/30/2017,16:38:17,"35.22350900,33.23184400",174.06376,49.4701812,way/301327721
8/28/2015,20:29:43,"35.71187200,34.22321070",116.5688911,39.6784512,way/27448799
12/28/2015,19:23:52,"35.64969940,34.14666410",127.6422637,40.284702,way/308183580
7/20/2015,8:46:41,"35.59841500,33.95617100",267.896626,59.9427864,way/205362953
4/19/2015,20:03:45,"35.63243060,34.04299290",208.2472908,92.8472184,way/197464561
7/1/2016,13:45:30,"35.77706400,34.38043000",239.50781,97.1740296,way/26394069
4/18/2015,13:41:17,"35.56696500,33.89757800",56.549848,19.008,way/237739176
12/17/2016,17:54:52,"35.58719100,33.92591800",343.073666,26.5041288,way/262829641
4/26/2015,17:52:29,"35.38657680,33.58686730",10.41388258,38.5859664,way/32040192
6/16/2017,8:22:23,"35.58458100,33.91888600",213.662416,8.243388,way/435299618
6/3/2019,10:45:46,"35.62301400,33.92480200",285.656077,41.1161688,way/226714194
11/11/2015,20:17:31,"35.63875900,33.91889320",129.5452997,71.360748,way/204999830
4/8/2016,15:54:44,"35.63340870,33.98002400",231.6026902,31.523634,way/26389484
6/4/2016,20:51:52,"35.46226200,33.76400900",40.002942,84.8196108,way/27114208
11/12/2015,8:00:19,"35.58906890,33.91697990",346.3330854,0.65741202,way/26317261
2/21/2016,12:08:00,"35.83417400,33.99539000",65.453143,52.7201712,way/26438571
1/23/2017,16:38:33,"35.70571800,34.02537400",16.863255,34.8860232,way/302199235
9/17/2015,13:40:33,"35.55080350,33.86125050",141.1275744,4.73107932,way/26728410
3/19/2016,23:32:18,"35.52135200,33.85379800",79.020548,22.2423696,way/283465116
8/14/2016,16:58:51,"35.59285050,33.95162290",359.492548,88.6758948,way/47156185
2/5/2017,19:35:18,"35.64316600,34.01630200",97.94377,27.1442124,way/26334455
5/5/2018,9:02:38,"35.57897900,33.88578700",345.705564,43.5011868,way/452662238
11/25/2016,7:59:58,"35.48503340,33.89914300",313.0523173,6.08330376,way/211453302
8/16/2017,17:32:53,"35.64136220,34.13869520",128.4493517,95.2506072,way/26334461
7/15/2019,14:48:03,"35.63584100,33.92544000",230.756387,53.7728832,way/31587283
11/30/2017,12:44:01,"35.58620300,33.80101700",255.752886,54.1218384,way/303136041
10/8/2016,18:22:36,"35.49461890,33.83521530",165.1689496,56.129544,way/361454413
12/18/2015,21:12:10,"35.50301400,33.85915100",2.179535,51.83964,way/200655672
3/13/2016,16:34:45,"35.44410800,33.64385800",98.87244,0.1757232,way/108778394
9/19/2017,19:03:37,"35.53572300,33.89386600",21.972623,40.7231892,way/200761146
6/21/2017,15:37:33,"35.84163700,33.81796700",240.268985,41.7140064,way/303057717
12/3/2018,9:23:50,"35.53648340,33.85148180",16.96473028,10.687428,way/473780339
1/1/2016,16:39:51,"35.52919000,33.87726100",24.759247,81.6329844,way/201126776
5/10/2015,16:40:14,"35.87282600,33.81938900",71.843875,56.268,way/304824824
11/26/2015,7:32:27,"35.53381780,33.89049370",13.90037887,62.7528492,way/200761150
4/11/2017,10:39:36,"35.61298800,33.97500700",237.157687,45.0931752,way/423392640
7/4/2015,19:01:50,"35.58368480,33.91653380",23.47455126,63.6952824,way/47276450
6/27/2016,20:14:26,"35.53709190,33.85249150",149.1777112,74.3977584,way/267187736
8/6/2016,21:21:35,"35.56799200,33.89868200",219.987856,54.8376156,way/26547512
10/4/2015,13:29:40,"35.57379400,33.90415300",39.95888,32.4232128,way/200723968
2/23/2016,14:24:35,"35.95940300,34.49747800",199.635717,56.9677284,way/108244069
4/5/2018,15:43:41,"35.55755900,33.89143700",160.224357,0.2337084,way/448118324
7/25/2015,13:04:41,"35.53756190,33.89703810",287.2277139,68.60889,way/280468043
11/9/2016,6:30:49,"35.55918800,33.89251300",19.14173,5.8568724,way/261104862
9/28/2017,21:33:22,"35.54950600,33.89399300",290.257345,75.1445892,way/211496402
9/10/2018,12:59:03,"35.54335250,33.83356520",212.343197,1.881087264,way/300591618
